Letter_Derivate,Lettercode,Pathway,Pathway.1,Met_pathway,Subs_class,Met_class
2HG,2HG,glut,3-glut,3-glut_Glut_2hydroxy,organic acid,organic acid_Glut_2hydroxy
2OG,2OG,tca,2-tca,2-tca_Glut_2oxo,organic acid,organic acid_Glut_2oxo
3PGA,3PGA,glyc,1-glyc,1-glyc_PGA,phosphate,phosphate_PGA
A,A,nucleobase,7-nucleobase,7-nucleobase_Adenosine,nucleobase,nucleobase_Adenosine
Adenosine,Adenosine_4TMS,nucleoside,9-nucleoside,9-nucleoside_Adenosine,nucleoside,nucleoside_Adenosine
Adenosine,Adenosine_3TMS,nucleoside,9-nucleoside,9-nucleoside_Adenosine,nucleoside,nucleoside_Adenosine
Ala,Ala_3TMS,aa,5-aa,5-aa_Ala_3TMS,aa,aa_Ala_3TMS
Ala,Ala_2TMS,aa,5-aa,5-aa_Ala_2TMS,aa,aa_Ala_2TMS
Arg,Arg_3TMS,aa,5-aa,5-aa_Arg_3TMS,aa,aa_Arg_3TMS
Asn,Asn_2TMS,aa,5-aa,5-aa_Asn_2TMS,aa,aa_Asn_2TMS
Asn,Asn_3TMS,aa,5-aa,5-aa_Asn_3TMS,aa,aa_Asn_3TMS
Asp,Asp_2TMS,aa,5-aa,5-aa_Asp_2TMS,aa,aa_Asp_2TMS
Asp,Asp_3TMS,aa,5-aa,5-aa_Asp_3TMS,aa,aa_Asp_3TMS
bAla,bAla_3TMS,aa,5-aa,5-aa_bAla_3TMS,aa,aa_bAla_3TMS
bAla,bAla_2TMS,aa,5-aa,5-aa_bAla_2TMS,aa,aa_bAla_2TMS
Butanoic_3hydr,Butanoic_3hydr,other,6-other,6-other_Butanoic_3hydr,organic acid,organic acid_Butanoic_3hydr
Butanoic_4amino,Butanoic_4amino,other,6-other,6-other_Butanoic_4amino,organic acid,organic acid_Butanoic_4amino
C,C_3TMS,nucleobase,7-nucleobase,7-nucleobase_Cytosine,nucleobase,nucleobase_Cytosine
C,C_2TMS,nucleobase,7-nucleobase,7-nucleobase_Cytosine,nucleobase,nucleobase_Cytosine
Cit,Cit,tca,2-tca,2-tca_Cit,organic acid,organic acid_Cit
Creatinine,Creatinine,other,6-other,6-other_Creatinine,other,other_Creatinine
Cys,Cys_3TMS,aa,5-aa,5-aa_Cysteine,aa,aa_Cysteine
DHAP,DHAP_BP,glyc,1-glyc,1-glyc_DHAP_BP,phosphate,phosphate_DHAP_BP
DHAP,DHAP_MP,glyc,1-glyc,1-glyc_DHAP_MP,phosphate,phosphate_DHAP_MP
Ery,Ery_4TMS,other,6-other,6-other_Ery_4TMS,aa,aa_Ery_4TMS
ETA4P,ETA4P,other,6-other,6-other_EtNH3P,phosphate,phosphate_EtNH3P
FBP,FBP_BP,glyc,1-glyc,1-glyc_FBP_BP,phosphate,phosphate_FBP_BP
FBP,FBP_MP,glyc,1-glyc,1-glyc_FBP_MP,phosphate,phosphate_FBP_MP
Frc,Frc_BP,other,6-other,6-other_Frc_BP,sugar,sugar_Frc_BP
Frc,Frc_MP,other,6-other,6-other_Frc_MP,sugar,sugar_Frc_MP
Frc1P,Frc1P_BP,glyc,1-glyc,1-glyc_Frc1P_BP,phosphate,phosphate_Frc1P_BP
Frc1P,Frc1P_MP,glyc,1-glyc,1-glyc_Frc1P_MP,phosphate,phosphate_Frc1P_MP
Frc6P,Frc6P_MP,glyc,1-glyc,1-glyc_Frc6P_MP,phosphate,phosphate_Frc6P_MP
Fum,Fum,tca,2-tca,2-tca_Fum,organic acid,organic acid_Fum
GA3P,GA3P,glyc,1-glyc,1-glyc_GA3P,organic acid,organic acid_GA3P
Glc,Glc_BP,glyc,1-glyc,1-glyc_Glc_BP,sugar,sugar_Glc_BP
Glc,Glc_MP,glyc,1-glyc,1-glyc_Glc_MP,sugar,sugar_Glc_MP
Glc1/6P,Glc1/6P_MP,glyc,1-glyc,1-glyc_Glc1/6P,phosphate,phosphate_Glc1/6P
Glc1/6P,Glc1_MP,glyc,1-glyc,1-glyc_Glc1/6P_BP,phosphate,phosphate_Glc1/6P_BP
Glc6P,Glc6P_BP,glyc,1-glyc,1-glyc_Glc6P_BP,phosphate,phosphate_Glc6P_BP
GlcN,GlcN,other,6-other,6-other_GlcN,amino sugar,amino sugar_GlcN
GlcPyr,GlcPyr,glyc,1-glyc,1-glyc_GlcPyr,sugar,sugar_GlcPyr
Gln,Gln_H2O,glut,3-glut,3-glut_Gln_H2O,aa,aa_Gln_H2O
Gln,Gln_3TMS,glut,3-glut,3-glut_Gln_3TMS,aa,aa_Gln_3TMS
Glu,Glu_2TMS,glut,3-glut,3-glut_Glu_2TMS,aa,aa_Glu_2TMS
Glu,Glu_3TMS,glut,3-glut,3-glut_Glu_3TMS,aa,aa_Glu_3TMS
GlutAcid,GlutAcid,other,6-other,6-other_GlutAcid,organic acid,organic acid_GlutAcid
Gly,Gly_2TMS,aa,5-aa,5-aa_Gly_2TMS,aa,aa_Gly_2TMS
Gly,Gly_3TMS,aa,5-aa,5-aa_Gly_3TMS,aa,aa_Gly_3TMS
Glyc,Glyc,other,6-other,6-other_Glyc,polyol,polyol_Glyc
Glyc3P,Glyc3P,other,6-other,6-other_Glyc3P,phosphate,phosphate_Glyc3P
GlycAcid,GlycAcid,aa,6-other,6-other_Glyc,other,other_Glyc
GMP,GMP,nucleotide,8-nucleotide,8-nucleotide_GMP,nucleotide,nucleotide_GMP
Hypotaurine,Hypotaurine,other,6-other,6-other_Hypotaurine,other,other_Hypotaurine
Inosine,Inosine,nucleoside,9-nucleoside,9-nucleoside_Inosine,nucleoside,nucleoside_Inosine
Iso,Iso_1TMS,aa,5-aa,5-aa_Iso_1TMS,aa,aa_Iso_1TMS
Iso,Iso_2TMS,aa,5-aa,5-aa_Iso_2TMS,aa,aa_Iso_2TMS
Ita,Ita,other,6-other,6-other_Itaconic,organic acid,organic acid_Itaconic
Lac,Lac,glyc,1-glyc,1-glyc_Lac,organic acid,organic acid_Lac
Leu,Leu_2TMS,aa,5-aa,5-aa_Leu_2TMS,aa,aa_Leu_2TMS
Leu,Leu_1TMS,aa,5-aa,5-aa_Leu_1TMS,aa,aa_Leu_1TMS
Lys,Lys_4TMS,aa,5-aa,5-aa_Lys_4TMS,aa,aa_Lys_4TMS
Lys,Lys_3TMS,aa,5-aa,5-aa_Lys_3TMS,aa,aa_Lys_3TMS
Mal,Mal,tca,2-tca,2-tca_Mal,organic acid,organic acid_Mal
Met,Met_2TMS,aa,5-aa,5-aa_Met_2TMS,aa,aa_Met_2TMS
Met,Met_1TMS,aa,5-aa,5-aa_Met_1TMS,aa,aa_Met_1TMS
myo-Ino,Inositol_myo,other,6-other,6-other_Inositol_myo,other,other_Inositol_myo
Patho,Pantothenic_acid,other,6-other,6-other_Pantothenic_acid,organic acid,organic acid_Pantothenic_acid
PEP,PEP_3TMS,glyc,1-glyc,1-glyc_PEP,phosphate,phosphate_PEP
PGA6,PGA6,ppp,4-ppp,4-ppp_PGA6,phosphate,phosphate_PGA6
Phe,Phe_2TMS,aa,5-aa,5-aa_Phe_2TMS,aa,aa_Phe_2TMS
Phe,Phe_1TMS,aa,5-aa,5-aa_Phe_1TMS,aa,aa_Phe_1TMS
Pro,Pro_co2,aa,5-aa,5-aa_Pro_co2,aa,aa_Pro_co2
Pro,Pro_2TMS,aa,5-aa,5-aa_Pro_2TMS,aa,aa_Pro_2TMS
Pro,Pro_1TMS,aa,5-aa,5-aa_Pro_1TMS,aa,aa_Pro_1TMS
Putr,Putr_3TMS,other,6-other,6-other_Putr_3TMS,other,other_Putr_3TMS
Putr,Putr_4TMS,other,6-other,6-other_Putr_4TMS,other,other_Putr_4TMS
Pyr,Pyr,glyc,1-glyc,1-glyc_Pyr,organic acid,organic acid_Pyr
Pyroglut,Pyroglut_1TMS,aa,5-aa,5-aa_Pyroglut_1TMS,aa,aa_Pyroglut_1TMS
Pyroglut,Pyroglut_2TMS,aa,5-aa,5-aa_Pyroglut_2TMS,aa,aa_Pyroglut_2TMS
Rib5P,Rib5P_BP,ppp,4-ppp,4-ppp_R5P_MP,phosphate,phosphate_R5P_MP
Rib5P,Rib5P_MP,ppp,4-ppp,4-ppp_R5P_BP,phosphate,phosphate_R5P_BP
Ribose,Rib_BP,other,6-other,6-other_Rib_BP,sugar,sugar_Rib_BP
Ribose,Rib_MP,other,6-other,6-other_Rib_MP,sugar,sugar_Rib_MP
Ribu5P,Ribu5P_BP,ppp,4-ppp,4-ppp_Ribu5P_BP,phosphate,phosphate_Ribu5P
Ribu5P,Ribu5P_MP,ppp,4-ppp,4-ppp_Ribu5P_MP,phosphate,phosphate_Ribu5P
Scr,Scr_8TMS,other,6-other,6-other_Scr_8TMS,sugar,sugar_Scr_8TMS
Ser,Ser_3TMS,aa,5-aa,5-aa_Ser_3TMS,aa,aa_Ser_3TMS
Ser,Ser_4TMS,aa,5-aa,5-aa_Ser_4TMS,aa,aa_Ser_4TMS
Ser,Ser_2TMS,aa,5-aa,5-aa_Ser_2TMS,aa,aa_Ser_2TMS
Sor,Sor_6TMS,other,6-other,6-other_Sor_6TMS,sugar alcohol,sugar alcohol_Sor
Suc,Suc,tca,2-tca,2-tca_Suc,organic acid,organic acid_Suc
Thr,Thr_2TMS,aa,5-aa,5-aa_Thr_2TMS,aa,aa_Thr_2TMS
Thr,Thr_3TMS,aa,5-aa,5-aa_Thr_3TMS,aa,aa_Thr_3TMS
Trp,Trp_3TMS,aa,5-aa,5-aa_Trp_3TMS,aa,aa_Trp_3TMS
Tyr,Tyr_3TMS,aa,5-aa,5-aa_Tyr_3TMS,aa,aa_Tyr_3TMS
U,U,nucleobase,7-nucleobase,7-nucleobase_Uracil,nucleobase,nucleobase_Uracil
UMP,UMP,nucleotide,8-nucleotide,8-nucleotide_UMP,nucleotide,nucleotide_UMP
Val,Val_1TMS,aa,5-aa,5-aa_Val_1TMS,aa,aa_Val_1TMS
Val,Val_2TMS,aa,5-aa,5-aa_Val_2TMS,aa,aa_Val_2TMS
