Metabolite	Dilution	Concentration	ChromIntensities	OwnBorderIntensities
Pyruvic acid_(1MEOX)(1TMS)_MP_RI:1045_IDENT:A+D	0.005	1454.016721	3864521.0	NaN
Pyruvic acid_(1MEOX)(1TMS)_MP_RI:1045_IDENT:A+D	0.01	2908.033442	8129075.0	NaN
Pyruvic acid_(1MEOX)(1TMS)_MP_RI:1045_IDENT:A+D	0.02	5816.066884	1.7731509E7	NaN
Pyruvic acid_(1MEOX)(1TMS)_MP_RI:1045_IDENT:A+D	0.05	14540.16721	5.0927493E7	NaN
Pyruvic acid_(1MEOX)(1TMS)_MP_RI:1045_IDENT:A+D	0.1	29080.33442	7.2329699E7	NaN
Pyruvic acid_(1MEOX)(1TMS)_MP_RI:1045_IDENT:A+D	0.2	58160.66884	8.4990226E7	NaN
Pyruvic acid_(1MEOX)(1TMS)_MP_RI:1045_IDENT:A+D	0.5	145401.6721	1.54843235E8	NaN
Pyruvic acid_(1MEOX)(1TMS)_MP_RI:1045_IDENT:A+D	1	290803.3442	2.90342318E8	NaN
Lactic acid_(2TMS)_MP_RI:1055_IDENT:B+C	0.005	2230.9477065	2.9640565E7	NaN
Lactic acid_(2TMS)_MP_RI:1055_IDENT:B+C	0.01	4461.895413	4.8045129E7	NaN
Lactic acid_(2TMS)_MP_RI:1055_IDENT:B+C	0.02	8923.790826	8.5020715E7	NaN
Lactic acid_(2TMS)_MP_RI:1055_IDENT:B+C	0.05	22309.477065	2.1356433E8	NaN
Lactic acid_(2TMS)_MP_RI:1055_IDENT:B+C	0.1	44618.95413	4.19638537E8	NaN
Lactic acid_(2TMS)_MP_RI:1055_IDENT:B+C	0.2	89237.90826	8.01814034E8	NaN
Lactic acid_(2TMS)_MP_RI:1055_IDENT:B+C	0.5	223094.77065	2.324487874E9	NaN
Lactic acid_(2TMS)_MP_RI:1055_IDENT:B+C	1	446189.5413	3.966339924E9	NaN
Valine_(1TMS)_BP_RI:1084_IDENT:B+D	0.005	213.40162185000003	426763.0	NaN
Valine_(1TMS)_BP_RI:1084_IDENT:B+D	0.01	426.80324370000005	827730.0	NaN
Valine_(1TMS)_BP_RI:1084_IDENT:B+D	0.02	853.6064874000001	1240651.0	NaN
Valine_(1TMS)_BP_RI:1084_IDENT:B+D	0.05	2134.0162185000004	2446051.0	NaN
Valine_(1TMS)_BP_RI:1084_IDENT:B+D	0.1	4268.032437000001	1273992.0	NaN
Valine_(1TMS)_BP_RI:1084_IDENT:B+D	0.2	8536.064874000002	5051028.0	NaN
Valine_(1TMS)_BP_RI:1084_IDENT:B+D	0.5	21340.162185	9637358.0	NaN
Valine_(1TMS)_BP_RI:1084_IDENT:B+D	1	42680.32437	1.5142914E7	NaN
Alanine_(2TMS)_BP_RI:1097_IDENT:B+C	0.005	56.12302165	1632224.0	NaN
Alanine_(2TMS)_BP_RI:1097_IDENT:B+C	0.01	-99.0	-99.0	-99.0
Alanine_(2TMS)_BP_RI:1097_IDENT:B+C	0.02	224.4920866	4514124.0	NaN
Alanine_(2TMS)_BP_RI:1097_IDENT:B+C	0.05	561.2302165	5.0699902E7	NaN
Alanine_(2TMS)_BP_RI:1097_IDENT:B+C	0.1	1122.460433	8.3075904E7	NaN
Alanine_(2TMS)_BP_RI:1097_IDENT:B+C	0.2	2244.920866	8.9281873E7	NaN
Alanine_(2TMS)_BP_RI:1097_IDENT:B+C	0.5	5612.302165	3.52765788E8	NaN
Alanine_(2TMS)_BP_RI:1097_IDENT:B+C	1	11224.60433	1.181284293E9	NaN
Glycine_(2TMS)_BP_RI:1117_IDENT:A+C	0.005	-99.0	-99.0	-99.0
Glycine_(2TMS)_BP_RI:1117_IDENT:A+C	0.01	-99.0	-99.0	-99.0
Glycine_(2TMS)_BP_RI:1117_IDENT:A+C	0.02	1332.0900492	253039.0	NaN
Glycine_(2TMS)_BP_RI:1117_IDENT:A+C	0.05	3330.225123	1.0723213E7	NaN
Glycine_(2TMS)_BP_RI:1117_IDENT:A+C	0.1	6660.450246	1.3957541E7	NaN
Glycine_(2TMS)_BP_RI:1117_IDENT:A+C	0.2	13320.900492	9769677.0	NaN
Glycine_(2TMS)_BP_RI:1117_IDENT:A+C	0.5	33302.25123	4.503558E7	NaN
Glycine_(2TMS)_BP_RI:1117_IDENT:A+C	1	66604.50246	1.57052919E8	NaN
Leucine_(1TMS)_BP_RI:1153_IDENT:B+C	0.005	-99.0	-99.0	-99.0
Leucine_(1TMS)_BP_RI:1153_IDENT:B+C	0.01	914.8433331	2514250.0	NaN
Leucine_(1TMS)_BP_RI:1153_IDENT:B+C	0.02	1829.6866662	3391653.0	NaN
Leucine_(1TMS)_BP_RI:1153_IDENT:B+C	0.05	4574.2166655	4916857.0	NaN
Leucine_(1TMS)_BP_RI:1153_IDENT:B+C	0.1	9148.433331	1.8659241E7	NaN
Leucine_(1TMS)_BP_RI:1153_IDENT:B+C	0.2	18296.866662	5.4662101E7	NaN
Leucine_(1TMS)_BP_RI:1153_IDENT:B+C	0.5	45742.166655	1.35438569E8	NaN
Leucine_(1TMS)_BP_RI:1153_IDENT:B+C	1	91484.33331	1.74100911E8	NaN
Butanoic acid_ 3-hydroxy-_(2TMS)_MP_RI:1156_IDENT:A+B	0.005	144.092219	539355.0	NaN
Butanoic acid_ 3-hydroxy-_(2TMS)_MP_RI:1156_IDENT:A+B	0.01	288.184438	1137466.0	NaN
Butanoic acid_ 3-hydroxy-_(2TMS)_MP_RI:1156_IDENT:A+B	0.02	576.368876	2621985.0	NaN
Butanoic acid_ 3-hydroxy-_(2TMS)_MP_RI:1156_IDENT:A+B	0.05	1440.9221900000002	7730806.0	NaN
Butanoic acid_ 3-hydroxy-_(2TMS)_MP_RI:1156_IDENT:A+B	0.1	2881.8443800000005	1.6250023E7	NaN
Butanoic acid_ 3-hydroxy-_(2TMS)_MP_RI:1156_IDENT:A+B	0.2	5763.688760000001	3.2696195E7	NaN
Butanoic acid_ 3-hydroxy-_(2TMS)_MP_RI:1156_IDENT:A+B	0.5	14409.2219	8.6272716E7	NaN
Butanoic acid_ 3-hydroxy-_(2TMS)_MP_RI:1156_IDENT:A+B	1	28818.4438	1.91240331E8	NaN
Proline_(1TMS)_BP_RI:1172_IDENT:A+B	0.005	-99.0	-99.0	-99.0
Proline_(1TMS)_BP_RI:1172_IDENT:A+B	0.01	-99.0	-99.0	-99.0
Proline_(1TMS)_BP_RI:1172_IDENT:A+B	0.02	1216.0166768	2688412.0	NaN
Proline_(1TMS)_BP_RI:1172_IDENT:A+B	0.05	3040.0416920000002	3411377.0	NaN
Proline_(1TMS)_BP_RI:1172_IDENT:A+B	0.1	6080.0833840000005	1.7179802E7	NaN
Proline_(1TMS)_BP_RI:1172_IDENT:A+B	0.2	12160.166768000001	5.0217791E7	NaN
Proline_(1TMS)_BP_RI:1172_IDENT:A+B	0.5	30400.41692	1.26613542E8	NaN
Proline_(1TMS)_BP_RI:1172_IDENT:A+B	1	60800.83384	1.4923723E8	NaN
Isoleucine_(1TMS)_BP_RI:1174_IDENT:A+D	0.005	-99.0	-99.0	-99.0
Isoleucine_(1TMS)_BP_RI:1174_IDENT:A+D	0.01	381.15566400000006	2514749.0	NaN
Isoleucine_(1TMS)_BP_RI:1174_IDENT:A+D	0.02	762.3113280000001	2982728.0	NaN
Isoleucine_(1TMS)_BP_RI:1174_IDENT:A+D	0.05	1905.7783200000003	3229560.0	NaN
Isoleucine_(1TMS)_BP_RI:1174_IDENT:A+D	0.1	3811.5566400000007	1.7850582E7	NaN
Isoleucine_(1TMS)_BP_RI:1174_IDENT:A+D	0.2	7623.113280000001	5.3885539E7	NaN
Isoleucine_(1TMS)_BP_RI:1174_IDENT:A+D	0.5	19057.7832	1.35290567E8	NaN
Isoleucine_(1TMS)_BP_RI:1174_IDENT:A+D	1	38115.5664	1.55658199E8	NaN
Valine_(2TMS)_MP_RI:1212_IDENT:B+D	0.005	213.40162185000003	218100.0	NaN
Valine_(2TMS)_MP_RI:1212_IDENT:B+D	0.01	426.80324370000005	365896.0	NaN
Valine_(2TMS)_MP_RI:1212_IDENT:B+D	0.02	853.6064874000001	1729623.0	NaN
Valine_(2TMS)_MP_RI:1212_IDENT:B+D	0.05	2134.0162185000004	1.4039317E7	NaN
Valine_(2TMS)_MP_RI:1212_IDENT:B+D	0.1	4268.032437000001	2.5061837E7	NaN
Valine_(2TMS)_MP_RI:1212_IDENT:B+D	0.2	8536.064874000002	2.6525182E7	NaN
Valine_(2TMS)_MP_RI:1212_IDENT:B+D	0.5	21340.162185	9.7182457E7	NaN
Valine_(2TMS)_MP_RI:1212_IDENT:B+D	1	42680.32437	2.89781119E8	NaN
Serine_(2TMS)_BP_RI:1260_IDENT:C+D	0.005	570.939195	3034629.0	NaN
Serine_(2TMS)_BP_RI:1260_IDENT:C+D	0.01	1141.87839	5685784.0	NaN
Serine_(2TMS)_BP_RI:1260_IDENT:C+D	0.02	2283.75678	7457166.0	NaN
Serine_(2TMS)_BP_RI:1260_IDENT:C+D	0.05	5709.391950000001	1.3364598E7	NaN
Serine_(2TMS)_BP_RI:1260_IDENT:C+D	0.1	11418.783900000002	3.569725E7	NaN
Serine_(2TMS)_BP_RI:1260_IDENT:C+D	0.2	22837.567800000004	9.1077843E7	NaN
Serine_(2TMS)_BP_RI:1260_IDENT:C+D	0.5	57093.9195	2.0241086E8	NaN
Serine_(2TMS)_BP_RI:1260_IDENT:C+D	1	114187.839	2.2464695E8	NaN
Leucine_(2TMS)_MP_RI:1277_IDENT:B+C	0.005	-99.0	-99.0	-99.0
Leucine_(2TMS)_MP_RI:1277_IDENT:B+C	0.01	-99.0	-99.0	-99.0
Leucine_(2TMS)_MP_RI:1277_IDENT:B+C	0.02	1829.6866662	3584835.0	NaN
Leucine_(2TMS)_MP_RI:1277_IDENT:B+C	0.05	4574.2166655	2.6020372E7	NaN
Leucine_(2TMS)_MP_RI:1277_IDENT:B+C	0.1	9148.433331	5.4821142E7	NaN
Leucine_(2TMS)_MP_RI:1277_IDENT:B+C	0.2	18296.866662	1.18231415E8	NaN
Leucine_(2TMS)_MP_RI:1277_IDENT:B+C	0.5	45742.166655	4.37847728E8	NaN
Leucine_(2TMS)_MP_RI:1277_IDENT:B+C	1	91484.33331	1.204070212E9	NaN
Glycerol_(3TMS)_MP_RI:1280_IDENT:C+D	0.005	134.9819124	2.677718E7	NaN
Glycerol_(3TMS)_MP_RI:1280_IDENT:C+D	0.01	269.9638248	4.432922E7	NaN
Glycerol_(3TMS)_MP_RI:1280_IDENT:C+D	0.02	539.9276496	3.9577639E7	NaN
Glycerol_(3TMS)_MP_RI:1280_IDENT:C+D	0.05	1349.819124	6.6690326E7	NaN
Glycerol_(3TMS)_MP_RI:1280_IDENT:C+D	0.1	2699.638248	1.12393511E8	NaN
Glycerol_(3TMS)_MP_RI:1280_IDENT:C+D	0.2	5399.276496	2.07002774E8	NaN
Glycerol_(3TMS)_MP_RI:1280_IDENT:C+D	0.5	13498.19124	5.39036147E8	NaN
Glycerol_(3TMS)_MP_RI:1280_IDENT:C+D	1	26996.38248	1.457470734E9	NaN
Isoleucine_(2TMS)_MP_RI:1302_IDENT:A+D	0.005	-99.0	-99.0	-99.0
Isoleucine_(2TMS)_MP_RI:1302_IDENT:A+D	0.01	-99.0	-99.0	-99.0
Isoleucine_(2TMS)_MP_RI:1302_IDENT:A+D	0.02	762.3113280000001	1079166.0	NaN
Isoleucine_(2TMS)_MP_RI:1302_IDENT:A+D	0.05	1905.7783200000003	1.4272241E7	NaN
Isoleucine_(2TMS)_MP_RI:1302_IDENT:A+D	0.1	3811.5566400000007	2.4767967E7	NaN
Isoleucine_(2TMS)_MP_RI:1302_IDENT:A+D	0.2	7623.113280000001	2.5159091E7	NaN
Isoleucine_(2TMS)_MP_RI:1302_IDENT:A+D	0.5	19057.7832	8.8399786E7	NaN
Isoleucine_(2TMS)_MP_RI:1302_IDENT:A+D	1	38115.5664	4.06309346E8	NaN
Threonine_(2TMS)_BP_RI:1303_IDENT:C+D	0.005	839.4895905000001	994707.0	NaN
Threonine_(2TMS)_BP_RI:1303_IDENT:C+D	0.01	1678.9791810000002	3548350.0	NaN
Threonine_(2TMS)_BP_RI:1303_IDENT:C+D	0.02	3357.9583620000003	5481924.0	NaN
Threonine_(2TMS)_BP_RI:1303_IDENT:C+D	0.05	8394.895905000001	8455340.0	NaN
Threonine_(2TMS)_BP_RI:1303_IDENT:C+D	0.1	16789.791810000002	2.4214727E7	NaN
Threonine_(2TMS)_BP_RI:1303_IDENT:C+D	0.2	33579.583620000005	7.4799137E7	NaN
Threonine_(2TMS)_BP_RI:1303_IDENT:C+D	0.5	83948.95905	1.87152511E8	NaN
Threonine_(2TMS)_BP_RI:1303_IDENT:C+D	1	167897.9181	2.13279902E8	NaN
Proline_(2TMS)_MP_RI:1305_IDENT:A+B	0.005	-99.0	-99.0	-99.0
Proline_(2TMS)_MP_RI:1305_IDENT:A+B	0.01	-99.0	-99.0	-99.0
Proline_(2TMS)_MP_RI:1305_IDENT:A+B	0.02	1216.0166768	324898.0	NaN
Proline_(2TMS)_MP_RI:1305_IDENT:A+B	0.05	3040.0416920000002	7829553.0	NaN
Proline_(2TMS)_MP_RI:1305_IDENT:A+B	0.1	6080.0833840000005	9775301.0	NaN
Proline_(2TMS)_MP_RI:1305_IDENT:A+B	0.2	12160.166768000001	9806647.0	NaN
Proline_(2TMS)_MP_RI:1305_IDENT:A+B	0.5	30400.41692	4.3594737E7	NaN
Proline_(2TMS)_MP_RI:1305_IDENT:A+B	1	60800.83384	2.91307933E8	NaN
Glycine_(3TMS)_MP_RI:1314_IDENT:A+C	0.005	333.0225123	477981.0	NaN
Glycine_(3TMS)_MP_RI:1314_IDENT:A+C	0.01	666.0450246	431485.0	NaN
Glycine_(3TMS)_MP_RI:1314_IDENT:A+C	0.02	1332.0900492	2252990.0	NaN
Glycine_(3TMS)_MP_RI:1314_IDENT:A+C	0.05	3330.225123	1.0213463E7	NaN
Glycine_(3TMS)_MP_RI:1314_IDENT:A+C	0.1	6660.450246	2.3671257E7	NaN
Glycine_(3TMS)_MP_RI:1314_IDENT:A+C	0.2	13320.900492	3.8235751E7	NaN
Glycine_(3TMS)_MP_RI:1314_IDENT:A+C	0.5	33302.25123	9.9029729E7	NaN
Glycine_(3TMS)_MP_RI:1314_IDENT:A+C	1	66604.50246	2.48449952E8	NaN
Succinic acid_(2TMS)_MP_RI:1327_IDENT:A+D	0.005	211.70293845	507252.0	NaN
Succinic acid_(2TMS)_MP_RI:1327_IDENT:A+D	0.01	423.4058769	951873.0	NaN
Succinic acid_(2TMS)_MP_RI:1327_IDENT:A+D	0.02	846.8117538	1424946.0	NaN
Succinic acid_(2TMS)_MP_RI:1327_IDENT:A+D	0.05	2117.0293845	3647824.0	NaN
Succinic acid_(2TMS)_MP_RI:1327_IDENT:A+D	0.1	4234.058769	9573968.0	NaN
Succinic acid_(2TMS)_MP_RI:1327_IDENT:A+D	0.2	8468.117538	2.1523063E7	NaN
Succinic acid_(2TMS)_MP_RI:1327_IDENT:A+D	0.5	21170.293845	6.0777286E7	NaN
Succinic acid_(2TMS)_MP_RI:1327_IDENT:A+D	1	42340.58769	1.39498624E8	NaN
Glyceric acid_(3TMS)_MP_RI:1342_IDENT:A+B	0.005	217.39130434999998	714333.0	NaN
Glyceric acid_(3TMS)_MP_RI:1342_IDENT:A+B	0.01	434.78260869999997	1069946.0	NaN
Glyceric acid_(3TMS)_MP_RI:1342_IDENT:A+B	0.02	869.5652173999999	1561919.0	NaN
Glyceric acid_(3TMS)_MP_RI:1342_IDENT:A+B	0.05	2173.9130435	4068154.0	NaN
Glyceric acid_(3TMS)_MP_RI:1342_IDENT:A+B	0.1	4347.826087	1.1504161E7	NaN
Glyceric acid_(3TMS)_MP_RI:1342_IDENT:A+B	0.2	8695.652174	2.1272555E7	NaN
Glyceric acid_(3TMS)_MP_RI:1342_IDENT:A+B	0.5	21739.130435	6.2662867E7	NaN
Glyceric acid_(3TMS)_MP_RI:1342_IDENT:A+B	1	43478.26087	1.34285713E8	NaN
Uracil_(2TMS)_MP_RI:1350_IDENT:A+C	0.005	-99.0	-99.0	-99.0
Uracil_(2TMS)_MP_RI:1350_IDENT:A+C	0.01	-99.0	-99.0	-99.0
Uracil_(2TMS)_MP_RI:1350_IDENT:A+C	0.02	535.2841466	3613967.0	NaN
Uracil_(2TMS)_MP_RI:1350_IDENT:A+C	0.05	1338.2103665000002	1.561834E7	NaN
Uracil_(2TMS)_MP_RI:1350_IDENT:A+C	0.1	2676.4207330000004	2.565698E7	NaN
Uracil_(2TMS)_MP_RI:1350_IDENT:A+C	0.2	5352.841466000001	4.3603477E7	NaN
Uracil_(2TMS)_MP_RI:1350_IDENT:A+C	0.5	13382.103665	1.39382263E8	NaN
Uracil_(2TMS)_MP_RI:1350_IDENT:A+C	1	26764.20733	3.28365E8	NaN
Fumaric acid_(2TMS)_MP_RI:1366_IDENT:A+C	0.005	172.30981305	1828173.0	NaN
Fumaric acid_(2TMS)_MP_RI:1366_IDENT:A+C	0.01	344.6196261	2456919.0	NaN
Fumaric acid_(2TMS)_MP_RI:1366_IDENT:A+C	0.02	689.2392522	3414737.0	NaN
Fumaric acid_(2TMS)_MP_RI:1366_IDENT:A+C	0.05	1723.0981305000003	7344061.0	NaN
Fumaric acid_(2TMS)_MP_RI:1366_IDENT:A+C	0.1	3446.1962610000005	1.6422723E7	NaN
Fumaric acid_(2TMS)_MP_RI:1366_IDENT:A+C	0.2	6892.392522000001	2.9423364E7	NaN
Fumaric acid_(2TMS)_MP_RI:1366_IDENT:A+C	0.5	17230.981305	8.531851E7	NaN
Fumaric acid_(2TMS)_MP_RI:1366_IDENT:A+C	1	34461.96261	2.21127615E8	NaN
Alanine_(3TMS)_MP_RI:1367_IDENT:B+C	0.005	56.12302165	755578.0	NaN
Alanine_(3TMS)_MP_RI:1367_IDENT:B+C	0.01	112.2460433	1181533.0	NaN
Alanine_(3TMS)_MP_RI:1367_IDENT:B+C	0.02	224.4920866	3311957.0	NaN
Alanine_(3TMS)_MP_RI:1367_IDENT:B+C	0.05	561.2302165	1.0500793E7	NaN
Alanine_(3TMS)_MP_RI:1367_IDENT:B+C	0.1	1122.460433	1.0008038E7	NaN
Alanine_(3TMS)_MP_RI:1367_IDENT:B+C	0.2	2244.920866	1.0003503E7	NaN
Alanine_(3TMS)_MP_RI:1367_IDENT:B+C	0.5	5612.302165	1.6944797E7	NaN
Alanine_(3TMS)_MP_RI:1367_IDENT:B+C	1	11224.60433	3.3122464E7	NaN
Serine_(3TMS)_MP_RI:1373_IDENT:C+D	0.005	-99.0	-99.0	-99.0
Serine_(3TMS)_MP_RI:1373_IDENT:C+D	0.01	-99.0	-99.0	-99.0
Serine_(3TMS)_MP_RI:1373_IDENT:C+D	0.02	-99.0	-99.0	-99.0
Serine_(3TMS)_MP_RI:1373_IDENT:C+D	0.05	5709.391950000001	1.4020513E7	NaN
Serine_(3TMS)_MP_RI:1373_IDENT:C+D	0.1	11418.783900000002	3.3069529E7	NaN
Serine_(3TMS)_MP_RI:1373_IDENT:C+D	0.2	22837.567800000004	3.0430147E7	NaN
Serine_(3TMS)_MP_RI:1373_IDENT:C+D	0.5	57093.9195	1.50431316E8	NaN
Serine_(3TMS)_MP_RI:1373_IDENT:C+D	1	114187.839	7.4249361E8	NaN
Threonine_(3TMS)_MP_RI:1397_IDENT:C+D	0.005	-99.0	-99.0	-99.0
Threonine_(3TMS)_MP_RI:1397_IDENT:C+D	0.01	-99.0	-99.0	-99.0
Threonine_(3TMS)_MP_RI:1397_IDENT:C+D	0.02	3357.9583620000003	772096.0	NaN
Threonine_(3TMS)_MP_RI:1397_IDENT:C+D	0.05	8394.895905000001	2.0645802E7	NaN
Threonine_(3TMS)_MP_RI:1397_IDENT:C+D	0.1	16789.791810000002	5.7370156E7	NaN
Threonine_(3TMS)_MP_RI:1397_IDENT:C+D	0.2	33579.583620000005	5.5760187E7	NaN
Threonine_(3TMS)_MP_RI:1397_IDENT:C+D	0.5	83948.95905	2.10691306E8	NaN
Threonine_(3TMS)_MP_RI:1397_IDENT:C+D	1	167897.9181	9.4418239E8	NaN
Glutaric acid_(2TMS)_MP_RI:1418_IDENT:A+B	0.005	171.1156742	486784.0	NaN
Glutaric acid_(2TMS)_MP_RI:1418_IDENT:A+B	0.01	342.2313484	1091621.0	NaN
Glutaric acid_(2TMS)_MP_RI:1418_IDENT:A+B	0.02	684.4626968	2145674.0	NaN
Glutaric acid_(2TMS)_MP_RI:1418_IDENT:A+B	0.05	1711.1567420000001	3131616.0	NaN
Glutaric acid_(2TMS)_MP_RI:1418_IDENT:A+B	0.1	3422.3134840000002	8475279.0	NaN
Glutaric acid_(2TMS)_MP_RI:1418_IDENT:A+B	0.2	6844.6269680000005	1.9186521E7	NaN
Glutaric acid_(2TMS)_MP_RI:1418_IDENT:A+B	0.5	17111.56742	5.5328719E7	NaN
Glutaric acid_(2TMS)_MP_RI:1418_IDENT:A+B	1	34223.13484	1.17726766E8	NaN
Methionine_(1TMS)_BP_RI:1422_IDENT:C+D	0.005	-99.0	-99.0	-99.0
Methionine_(1TMS)_BP_RI:1422_IDENT:C+D	0.01	-99.0	-99.0	-99.0
Methionine_(1TMS)_BP_RI:1422_IDENT:C+D	0.02	-99.0	-99.0	-99.0
Methionine_(1TMS)_BP_RI:1422_IDENT:C+D	0.05	335.09818375000003	704780.0	NaN
Methionine_(1TMS)_BP_RI:1422_IDENT:C+D	0.1	670.1963675000001	1986283.0	NaN
Methionine_(1TMS)_BP_RI:1422_IDENT:C+D	0.2	1340.3927350000001	4787701.0	NaN
Methionine_(1TMS)_BP_RI:1422_IDENT:C+D	0.5	3350.9818375	1.1230569E7	NaN
Methionine_(1TMS)_BP_RI:1422_IDENT:C+D	1	6701.963675	1.0021487E7	NaN
Aspartic acid_(2TMS)_BP_RI:1433_IDENT:A+C	0.005	-99.0	-99.0	-99.0
Aspartic acid_(2TMS)_BP_RI:1433_IDENT:A+C	0.01	150.2516715	291020.0	NaN
Aspartic acid_(2TMS)_BP_RI:1433_IDENT:A+C	0.02	300.503343	380701.0	NaN
Aspartic acid_(2TMS)_BP_RI:1433_IDENT:A+C	0.05	751.2583575	1166601.0	NaN
Aspartic acid_(2TMS)_BP_RI:1433_IDENT:A+C	0.1	1502.516715	4319225.0	NaN
Aspartic acid_(2TMS)_BP_RI:1433_IDENT:A+C	0.2	3005.03343	1.1334322E7	NaN
Aspartic acid_(2TMS)_BP_RI:1433_IDENT:A+C	0.5	7512.583575	3.3045312E7	NaN
Aspartic acid_(2TMS)_BP_RI:1433_IDENT:A+C	1	15025.16715	4.1658327E7	NaN
Alanine_ beta-_(3TMS)_MP_RI:1435_IDENT:A+D	0.005	-99.0	-99.0	-99.0
Alanine_ beta-_(3TMS)_MP_RI:1435_IDENT:A+D	0.01	-99.0	-99.0	-99.0
Alanine_ beta-_(3TMS)_MP_RI:1435_IDENT:A+D	0.02	-99.0	-99.0	-99.0
Alanine_ beta-_(3TMS)_MP_RI:1435_IDENT:A+D	0.05	561.2302165	436358.0	NaN
Alanine_ beta-_(3TMS)_MP_RI:1435_IDENT:A+D	0.1	1122.460433	1984748.0	NaN
Alanine_ beta-_(3TMS)_MP_RI:1435_IDENT:A+D	0.2	2244.920866	3915702.0	NaN
Alanine_ beta-_(3TMS)_MP_RI:1435_IDENT:A+D	0.5	5612.302165	1.3319015E7	NaN
Alanine_ beta-_(3TMS)_MP_RI:1435_IDENT:A+D	1	11224.60433	2.945718E7	NaN
Malic acid_(3TMS)_MP_RI:1487_IDENT:B+D	0.005	-99.0	-99.0	-99.0
Malic acid_(3TMS)_MP_RI:1487_IDENT:B+D	0.01	447.46066079999997	622568.0	NaN
Malic acid_(3TMS)_MP_RI:1487_IDENT:B+D	0.02	894.9213215999999	1141386.0	NaN
Malic acid_(3TMS)_MP_RI:1487_IDENT:B+D	0.05	2237.303304	4098124.0	NaN
Malic acid_(3TMS)_MP_RI:1487_IDENT:B+D	0.1	4474.606608	1.4269712E7	NaN
Malic acid_(3TMS)_MP_RI:1487_IDENT:B+D	0.2	8949.213216	3.3916112E7	NaN
Malic acid_(3TMS)_MP_RI:1487_IDENT:B+D	0.5	22373.03304	1.01222527E8	NaN
Malic acid_(3TMS)_MP_RI:1487_IDENT:B+D	1	44746.06608	2.25567581E8	NaN
Erythritol_(4TMS)_MP_RI:1503_IDENT:A+B	0.005	409.43334425	2431027.0	NaN
Erythritol_(4TMS)_MP_RI:1503_IDENT:A+B	0.01	818.8666885	6456279.0	NaN
Erythritol_(4TMS)_MP_RI:1503_IDENT:A+B	0.02	1637.733377	1.1395742E7	NaN
Erythritol_(4TMS)_MP_RI:1503_IDENT:A+B	0.05	4094.3334425000003	3.6935328E7	NaN
Erythritol_(4TMS)_MP_RI:1503_IDENT:A+B	0.1	8188.666885000001	9.8119826E7	NaN
Erythritol_(4TMS)_MP_RI:1503_IDENT:A+B	0.2	16377.333770000001	2.21562398E8	NaN
Erythritol_(4TMS)_MP_RI:1503_IDENT:A+B	0.5	40943.334425	6.71268238E8	NaN
Erythritol_(4TMS)_MP_RI:1503_IDENT:A+B	1	81886.66885	1.472141105E9	NaN
Aspartic acid_(3TMS)_MP_RI:1517_IDENT:A+C	0.005	-99.0	-99.0	-99.0
Aspartic acid_(3TMS)_MP_RI:1517_IDENT:A+C	0.01	-99.0	-99.0	-99.0
Aspartic acid_(3TMS)_MP_RI:1517_IDENT:A+C	0.02	-99.0	-99.0	-99.0
Aspartic acid_(3TMS)_MP_RI:1517_IDENT:A+C	0.05	751.2583575	735424.0	NaN
Aspartic acid_(3TMS)_MP_RI:1517_IDENT:A+C	0.1	-99.0	-99.0	-99.0
Aspartic acid_(3TMS)_MP_RI:1517_IDENT:A+C	0.2	3005.03343	1507911.0	NaN
Aspartic acid_(3TMS)_MP_RI:1517_IDENT:A+C	0.5	7512.583575	8839103.0	NaN
Aspartic acid_(3TMS)_MP_RI:1517_IDENT:A+C	1	15025.16715	5.4805031E7	NaN
Pyroglutamic acid_(2TMS)_MP_RI:1518_IDENT:A+D	0.005	464.68401485000004	1039920.0	NaN
Pyroglutamic acid_(2TMS)_MP_RI:1518_IDENT:A+D	0.01	929.3680297000001	3580411.0	NaN
Pyroglutamic acid_(2TMS)_MP_RI:1518_IDENT:A+D	0.02	1858.7360594000002	6669294.0	NaN
Pyroglutamic acid_(2TMS)_MP_RI:1518_IDENT:A+D	0.05	4646.8401485	4.7849591E7	NaN
Pyroglutamic acid_(2TMS)_MP_RI:1518_IDENT:A+D	0.1	9293.680297	1.04413018E8	NaN
Pyroglutamic acid_(2TMS)_MP_RI:1518_IDENT:A+D	0.2	18587.360594	1.88308207E8	NaN
Pyroglutamic acid_(2TMS)_MP_RI:1518_IDENT:A+D	0.5	46468.401485	7.62105617E8	NaN
Pyroglutamic acid_(2TMS)_MP_RI:1518_IDENT:A+D	1	92936.80297	2.012669821E9	NaN
Cytosine_(2TMS)_MP_RI:1520_IDENT:A+B	0.005	-99.0	-99.0	-99.0
Cytosine_(2TMS)_MP_RI:1520_IDENT:A+B	0.01	-99.0	-99.0	-99.0
Cytosine_(2TMS)_MP_RI:1520_IDENT:A+B	0.02	-99.0	-99.0	-99.0
Cytosine_(2TMS)_MP_RI:1520_IDENT:A+B	0.05	450.0450045	1710674.0	NaN
Cytosine_(2TMS)_MP_RI:1520_IDENT:A+B	0.1	900.090009	4134319.0	NaN
Cytosine_(2TMS)_MP_RI:1520_IDENT:A+B	0.2	1800.180018	8366255.0	NaN
Cytosine_(2TMS)_MP_RI:1520_IDENT:A+B	0.5	4500.450045	3.6970331E7	NaN
Cytosine_(2TMS)_MP_RI:1520_IDENT:A+B	1	9000.90009	9.02196E7	NaN
Butanoic acid_ 4-amino-_(3TMS)_MP_RI:1527_IDENT:A+C	0.005	-99.0	-99.0	-99.0
Butanoic acid_ 4-amino-_(3TMS)_MP_RI:1527_IDENT:A+C	0.01	-99.0	-99.0	-99.0
Butanoic acid_ 4-amino-_(3TMS)_MP_RI:1527_IDENT:A+C	0.02	-99.0	-99.0	-99.0
Butanoic acid_ 4-amino-_(3TMS)_MP_RI:1527_IDENT:A+C	0.05	-99.0	-99.0	-99.0
Butanoic acid_ 4-amino-_(3TMS)_MP_RI:1527_IDENT:A+C	0.1	969.7439876000001	745810.0	NaN
Butanoic acid_ 4-amino-_(3TMS)_MP_RI:1527_IDENT:A+C	0.2	1939.4879752000002	1349871.0	NaN
Butanoic acid_ 4-amino-_(3TMS)_MP_RI:1527_IDENT:A+C	0.5	4848.719938	5384499.0	NaN
Butanoic acid_ 4-amino-_(3TMS)_MP_RI:1527_IDENT:A+C	1	9697.439876	1.8504035E7	NaN
Glutamic acid_(2TMS)_BP_RI:1533_IDENT:A+B	0.005	-99.0	-99.0	-99.0
Glutamic acid_(2TMS)_BP_RI:1533_IDENT:A+B	0.01	-99.0	-99.0	-99.0
Glutamic acid_(2TMS)_BP_RI:1533_IDENT:A+B	0.02	2718.6841560000003	338877.0	NaN
Glutamic acid_(2TMS)_BP_RI:1533_IDENT:A+B	0.05	6796.71039	1809402.0	NaN
Glutamic acid_(2TMS)_BP_RI:1533_IDENT:A+B	0.1	13593.42078	8705921.0	NaN
Glutamic acid_(2TMS)_BP_RI:1533_IDENT:A+B	0.2	27186.84156	2.9007028E7	NaN
Glutamic acid_(2TMS)_BP_RI:1533_IDENT:A+B	0.5	67967.1039	7.6565549E7	NaN
Glutamic acid_(2TMS)_BP_RI:1533_IDENT:A+B	1	135934.2078	9.1215036E7	NaN
Phenylalanine_(1TMS)_BP_RI:1547_IDENT:B+C	0.005	-99.0	-99.0	-99.0
Phenylalanine_(1TMS)_BP_RI:1547_IDENT:B+C	0.01	484.2908166	8720211.0	NaN
Phenylalanine_(1TMS)_BP_RI:1547_IDENT:B+C	0.02	968.5816332	1.1254249E7	NaN
Phenylalanine_(1TMS)_BP_RI:1547_IDENT:B+C	0.05	2421.454083	1.8517421E7	NaN
Phenylalanine_(1TMS)_BP_RI:1547_IDENT:B+C	0.1	4842.908166	4.3044325E7	NaN
Phenylalanine_(1TMS)_BP_RI:1547_IDENT:B+C	0.2	9685.816332	8.7514853E7	NaN
Phenylalanine_(1TMS)_BP_RI:1547_IDENT:B+C	0.5	24214.54083	1.6577631E8	NaN
Phenylalanine_(1TMS)_BP_RI:1547_IDENT:B+C	1	-99.0	-99.0	-99.0
Creatinine_(3TMS)_MP_RI:1549_IDENT:B+C	0.005	-99.0	-99.0	-99.0
Creatinine_(3TMS)_MP_RI:1549_IDENT:B+C	0.01	-99.0	-99.0	-99.0
Creatinine_(3TMS)_MP_RI:1549_IDENT:B+C	0.02	-99.0	-99.0	-99.0
Creatinine_(3TMS)_MP_RI:1549_IDENT:B+C	0.05	-99.0	-99.0	-99.0
Creatinine_(3TMS)_MP_RI:1549_IDENT:B+C	0.1	-99.0	-99.0	-99.0
Creatinine_(3TMS)_MP_RI:1549_IDENT:B+C	0.2	8840.169732	1.0818268E7	NaN
Creatinine_(3TMS)_MP_RI:1549_IDENT:B+C	0.5	22100.42433	3.3565446E7	NaN
Creatinine_(3TMS)_MP_RI:1549_IDENT:B+C	1	44200.84866	7.1976015E7	NaN
Ribose_ 2-deoxy-_(1MEOX)(3TMS)_MP_RI:1574_IDENT:A+D	0.005	-99.0	-99.0	-99.0
Ribose_ 2-deoxy-_(1MEOX)(3TMS)_MP_RI:1574_IDENT:A+D	0.01	-99.0	-99.0	-99.0
Ribose_ 2-deoxy-_(1MEOX)(3TMS)_MP_RI:1574_IDENT:A+D	0.02	-99.0	-99.0	-99.0
Ribose_ 2-deoxy-_(1MEOX)(3TMS)_MP_RI:1574_IDENT:A+D	0.05	-99.0	-99.0	-99.0
Ribose_ 2-deoxy-_(1MEOX)(3TMS)_MP_RI:1574_IDENT:A+D	0.1	745.5453664	2137013.0	NaN
Ribose_ 2-deoxy-_(1MEOX)(3TMS)_MP_RI:1574_IDENT:A+D	0.2	1491.0907328	1790111.0	NaN
Ribose_ 2-deoxy-_(1MEOX)(3TMS)_MP_RI:1574_IDENT:A+D	0.5	3727.726832	1406411.0	NaN
Ribose_ 2-deoxy-_(1MEOX)(3TMS)_MP_RI:1574_IDENT:A+D	1	7455.453664	5010343.0	NaN
Serine_(4TMS)_BP_RI:1571_IDENT:C+D	0.005	-99.0	-99.0	-99.0
Serine_(4TMS)_BP_RI:1571_IDENT:C+D	0.01	-99.0	-99.0	-99.0
Serine_(4TMS)_BP_RI:1571_IDENT:C+D	0.02	2283.75678	422506.0	NaN
Serine_(4TMS)_BP_RI:1571_IDENT:C+D	0.05	5709.391950000001	950254.0	NaN
Serine_(4TMS)_BP_RI:1571_IDENT:C+D	0.1	11418.783900000002	1684023.0	NaN
Serine_(4TMS)_BP_RI:1571_IDENT:C+D	0.2	22837.567800000004	1379178.0	NaN
Serine_(4TMS)_BP_RI:1571_IDENT:C+D	0.5	57093.9195	2187103.0	NaN
Serine_(4TMS)_BP_RI:1571_IDENT:C+D	1	114187.839	4864344.0	NaN
Glutaric acid_ 2-hydroxy-_(3TMS)_MP_RI:1577_IDENT:A+D	0.005	286.3390254	574117.0	NaN
Glutaric acid_ 2-hydroxy-_(3TMS)_MP_RI:1577_IDENT:A+D	0.01	572.6780508	1307353.0	NaN
Glutaric acid_ 2-hydroxy-_(3TMS)_MP_RI:1577_IDENT:A+D	0.02	1145.3561016	2829478.0	NaN
Glutaric acid_ 2-hydroxy-_(3TMS)_MP_RI:1577_IDENT:A+D	0.05	2863.390254	9777928.0	NaN
Glutaric acid_ 2-hydroxy-_(3TMS)_MP_RI:1577_IDENT:A+D	0.1	5726.780508	3.4156407E7	NaN
Glutaric acid_ 2-hydroxy-_(3TMS)_MP_RI:1577_IDENT:A+D	0.2	11453.561016	8.4086059E7	NaN
Glutaric acid_ 2-hydroxy-_(3TMS)_MP_RI:1577_IDENT:A+D	0.5	28633.90254	2.66524632E8	NaN
Glutaric acid_ 2-hydroxy-_(3TMS)_MP_RI:1577_IDENT:A+D	1	57267.80508	5.68813812E8	NaN
Glutaric acid_ 2-oxo-_(1MEOX)(2TMS)_MP_RI:1579_IDENT:B+C	0.005	-99.0	-99.0	-99.0
Glutaric acid_ 2-oxo-_(1MEOX)(2TMS)_MP_RI:1579_IDENT:B+C	0.01	342.2313484	427009.0	NaN
Glutaric acid_ 2-oxo-_(1MEOX)(2TMS)_MP_RI:1579_IDENT:B+C	0.02	684.4626968	902077.0	NaN
Glutaric acid_ 2-oxo-_(1MEOX)(2TMS)_MP_RI:1579_IDENT:B+C	0.05	1711.1567420000001	3338986.0	NaN
Glutaric acid_ 2-oxo-_(1MEOX)(2TMS)_MP_RI:1579_IDENT:B+C	0.1	3422.3134840000002	1.229632E7	NaN
Glutaric acid_ 2-oxo-_(1MEOX)(2TMS)_MP_RI:1579_IDENT:B+C	0.2	6844.6269680000005	3.050516E7	NaN
Glutaric acid_ 2-oxo-_(1MEOX)(2TMS)_MP_RI:1579_IDENT:B+C	0.5	17111.56742	9.1560617E7	NaN
Glutaric acid_ 2-oxo-_(1MEOX)(2TMS)_MP_RI:1579_IDENT:B+C	1	34223.13484	1.88201686E8	NaN
Proline [+CO2]_(2TMS)_BP_RI:1585_IDENT:A+B	0.005	-99.0	-99.0	-99.0
Proline [+CO2]_(2TMS)_BP_RI:1585_IDENT:A+B	0.01	-99.0	-99.0	-99.0
Proline [+CO2]_(2TMS)_BP_RI:1585_IDENT:A+B	0.02	-99.0	-99.0	-99.0
Proline [+CO2]_(2TMS)_BP_RI:1585_IDENT:A+B	0.05	0.05	226785.0	NaN
Proline [+CO2]_(2TMS)_BP_RI:1585_IDENT:A+B	0.1	0.1	767700.0	NaN
Proline [+CO2]_(2TMS)_BP_RI:1585_IDENT:A+B	0.2	0.2	2156568.0	NaN
Proline [+CO2]_(2TMS)_BP_RI:1585_IDENT:A+B	0.5	0.5	8760548.0	NaN
Proline [+CO2]_(2TMS)_BP_RI:1585_IDENT:A+B	1	1.0	2.3019789E7	NaN
Hypotaurine_(3TMS)_MP_RI:1597_IDENT:A+C	0.005	-99.0	-99.0	-99.0
Hypotaurine_(3TMS)_MP_RI:1597_IDENT:A+C	0.01	-99.0	-99.0	-99.0
Hypotaurine_(3TMS)_MP_RI:1597_IDENT:A+C	0.02	366.468163	303088.0	NaN
Hypotaurine_(3TMS)_MP_RI:1597_IDENT:A+C	0.05	916.1704075	1227930.0	NaN
Hypotaurine_(3TMS)_MP_RI:1597_IDENT:A+C	0.1	1832.340815	5346270.0	NaN
Hypotaurine_(3TMS)_MP_RI:1597_IDENT:A+C	0.2	3664.68163	1.2419771E7	NaN
Hypotaurine_(3TMS)_MP_RI:1597_IDENT:A+C	0.5	9161.704075	3.8105234E7	NaN
Hypotaurine_(3TMS)_MP_RI:1597_IDENT:A+C	1	18323.40815	9.2006173E7	NaN
Phosphoenolpyruvic acid_(3TMS)_MP_RI:1598_IDENT:A+D	0.005	-99.0	-99.0	-99.0
Phosphoenolpyruvic acid_(3TMS)_MP_RI:1598_IDENT:A+D	0.01	-99.0	-99.0	-99.0
Phosphoenolpyruvic acid_(3TMS)_MP_RI:1598_IDENT:A+D	0.02	300.71311959999997	807469.0	NaN
Phosphoenolpyruvic acid_(3TMS)_MP_RI:1598_IDENT:A+D	0.05	751.7827990000001	3300919.0	NaN
Phosphoenolpyruvic acid_(3TMS)_MP_RI:1598_IDENT:A+D	0.1	1503.5655980000001	1.0668138E7	NaN
Phosphoenolpyruvic acid_(3TMS)_MP_RI:1598_IDENT:A+D	0.2	3007.1311960000003	2.5566299E7	NaN
Phosphoenolpyruvic acid_(3TMS)_MP_RI:1598_IDENT:A+D	0.5	7517.82799	7.6080414E7	NaN
Phosphoenolpyruvic acid_(3TMS)_MP_RI:1598_IDENT:A+D	1	15035.65598	1.67534795E8	NaN
Asparagine_(2TMS)_BP_RI:1599_IDENT:B+D	0.005	-99.0	-99.0	-99.0
Asparagine_(2TMS)_BP_RI:1599_IDENT:B+D	0.01	-99.0	-99.0	-99.0
Asparagine_(2TMS)_BP_RI:1599_IDENT:B+D	0.02	-99.0	-99.0	-99.0
Asparagine_(2TMS)_BP_RI:1599_IDENT:B+D	0.05	-99.0	-99.0	-99.0
Asparagine_(2TMS)_BP_RI:1599_IDENT:B+D	0.1	-99.0	-99.0	-99.0
Asparagine_(2TMS)_BP_RI:1599_IDENT:B+D	0.2	4541.326068	1662560.0	NaN
Asparagine_(2TMS)_BP_RI:1599_IDENT:B+D	0.5	11353.31517	3.8694911E7	NaN
Asparagine_(2TMS)_BP_RI:1599_IDENT:B+D	1	22706.63034	5.4942117E7	NaN
Glutamic acid_(3TMS)_MP_RI:1620_IDENT:A+B	0.005	-99.0	-99.0	-99.0
Glutamic acid_(3TMS)_MP_RI:1620_IDENT:A+B	0.01	-99.0	-99.0	-99.0
Glutamic acid_(3TMS)_MP_RI:1620_IDENT:A+B	0.02	-99.0	-99.0	-99.0
Glutamic acid_(3TMS)_MP_RI:1620_IDENT:A+B	0.05	6796.71039	514529.0	NaN
Glutamic acid_(3TMS)_MP_RI:1620_IDENT:A+B	0.1	13593.42078	3253594.0	NaN
Glutamic acid_(3TMS)_MP_RI:1620_IDENT:A+B	0.2	27186.84156	5865326.0	NaN
Glutamic acid_(3TMS)_MP_RI:1620_IDENT:A+B	0.5	67967.1039	7.6374152E7	NaN
Glutamic acid_(3TMS)_MP_RI:1620_IDENT:A+B	1	135934.2078	4.39860037E8	NaN
Phenylalanine_(2TMS)_MP_RI:1625_IDENT:B+C	0.005	-99.0	-99.0	-99.0
Phenylalanine_(2TMS)_MP_RI:1625_IDENT:B+C	0.01	-99.0	-99.0	-99.0
Phenylalanine_(2TMS)_MP_RI:1625_IDENT:B+C	0.02	-99.0	-99.0	-99.0
Phenylalanine_(2TMS)_MP_RI:1625_IDENT:B+C	0.05	2421.454083	1542621.0	NaN
Phenylalanine_(2TMS)_MP_RI:1625_IDENT:B+C	0.1	4842.908166	4080653.0	NaN
Phenylalanine_(2TMS)_MP_RI:1625_IDENT:B+C	0.2	9685.816332	3808923.0	NaN
Phenylalanine_(2TMS)_MP_RI:1625_IDENT:B+C	0.5	24214.54083	7.1144476E7	NaN
Phenylalanine_(2TMS)_MP_RI:1625_IDENT:B+C	1	48429.08166	3.22535804E8	NaN
Ribose_(1MEOX)(4TMS)_MP_RI:1672_IDENT:B+D	0.005	37.27726832	990830.0	NaN
Ribose_(1MEOX)(4TMS)_MP_RI:1672_IDENT:B+D	0.01	74.55453664	1465231.0	NaN
Ribose_(1MEOX)(4TMS)_MP_RI:1672_IDENT:B+D	0.02	149.10907328	2820928.0	NaN
Ribose_(1MEOX)(4TMS)_MP_RI:1672_IDENT:B+D	0.05	372.7726832	8688261.0	NaN
Ribose_(1MEOX)(4TMS)_MP_RI:1672_IDENT:B+D	0.1	745.5453664	2.0268666E7	NaN
Ribose_(1MEOX)(4TMS)_MP_RI:1672_IDENT:B+D	0.2	1491.0907328	2.6088069E7	NaN
Ribose_(1MEOX)(4TMS)_MP_RI:1672_IDENT:B+D	0.5	3727.726832	4.8176306E7	NaN
Ribose_(1MEOX)(4TMS)_MP_RI:1672_IDENT:B+D	1	7455.453664	7.9813196E7	NaN
Putrescine_(4TMS)_MP_RI:1730_IDENT:A+D	0.005	-99.0	-99.0	-99.0
Putrescine_(4TMS)_MP_RI:1730_IDENT:A+D	0.01	-99.0	-99.0	-99.0
Putrescine_(4TMS)_MP_RI:1730_IDENT:A+D	0.02	-99.0	-99.0	-99.0
Putrescine_(4TMS)_MP_RI:1730_IDENT:A+D	0.05	-99.0	-99.0	-99.0
Putrescine_(4TMS)_MP_RI:1730_IDENT:A+D	0.1	620.8480785	827894.0	NaN
Putrescine_(4TMS)_MP_RI:1730_IDENT:A+D	0.2	1241.696157	1115220.0	NaN
Putrescine_(4TMS)_MP_RI:1730_IDENT:A+D	0.5	3104.2403925	3374722.0	NaN
Putrescine_(4TMS)_MP_RI:1730_IDENT:A+D	1	6208.480785	2.7684228E7	NaN
Dihydroxyacetone phosphate_(1MEOX)(3TMS)_MP_RI:1739_IDENT:A+B	0.005	-99.0	-99.0	-99.0
Dihydroxyacetone phosphate_(1MEOX)(3TMS)_MP_RI:1739_IDENT:A+B	0.01	881.8342152	125945.0	NaN
Dihydroxyacetone phosphate_(1MEOX)(3TMS)_MP_RI:1739_IDENT:A+B	0.02	1763.6684304	302815.0	NaN
Dihydroxyacetone phosphate_(1MEOX)(3TMS)_MP_RI:1739_IDENT:A+B	0.05	4409.1710760000005	818911.0	NaN
Dihydroxyacetone phosphate_(1MEOX)(3TMS)_MP_RI:1739_IDENT:A+B	0.1	8818.342152000001	1295251.0	NaN
Dihydroxyacetone phosphate_(1MEOX)(3TMS)_MP_RI:1739_IDENT:A+B	0.2	17636.684304000002	768744.0	NaN
Dihydroxyacetone phosphate_(1MEOX)(3TMS)_MP_RI:1739_IDENT:A+B	0.5	44091.71076	728435.0	NaN
Dihydroxyacetone phosphate_(1MEOX)(3TMS)_MP_RI:1739_IDENT:A+B	1	88183.42152	1121527.0	NaN
Glycerol-3-phosphate_(4TMS)_MP_RI:1756_IDENT:B+C	0.005	-99.0	-99.0	-99.0
Glycerol-3-phosphate_(4TMS)_MP_RI:1756_IDENT:B+C	0.01	-99.0	-99.0	-99.0
Glycerol-3-phosphate_(4TMS)_MP_RI:1756_IDENT:B+C	0.02	-99.0	-99.0	-99.0
Glycerol-3-phosphate_(4TMS)_MP_RI:1756_IDENT:B+C	0.05	1349.819124	1269208.0	NaN
Glycerol-3-phosphate_(4TMS)_MP_RI:1756_IDENT:B+C	0.1	2699.638248	2918800.0	NaN
Glycerol-3-phosphate_(4TMS)_MP_RI:1756_IDENT:B+C	0.2	5399.276496	7612245.0	NaN
Glycerol-3-phosphate_(4TMS)_MP_RI:1756_IDENT:B+C	0.5	13498.19124	2.2449928E7	NaN
Glycerol-3-phosphate_(4TMS)_MP_RI:1756_IDENT:B+C	1	26996.38248	4.6811445E7	NaN
Glyceric acid-3-phosphate_(4TMS)_MP_RI:1802_IDENT:B+D	0.005	-99.0	-99.0	-99.0
Glyceric acid-3-phosphate_(4TMS)_MP_RI:1802_IDENT:B+D	0.01	-99.0	-99.0	-99.0
Glyceric acid-3-phosphate_(4TMS)_MP_RI:1802_IDENT:B+D	0.02	-99.0	-99.0	-99.0
Glyceric acid-3-phosphate_(4TMS)_MP_RI:1802_IDENT:B+D	0.05	-99.0	-99.0	-99.0
Glyceric acid-3-phosphate_(4TMS)_MP_RI:1802_IDENT:B+D	0.1	4347.826087	58484.0	NaN
Glyceric acid-3-phosphate_(4TMS)_MP_RI:1802_IDENT:B+D	0.2	8695.652174	4470785.0	NaN
Glyceric acid-3-phosphate_(4TMS)_MP_RI:1802_IDENT:B+D	0.5	21739.130435	1.5385413E7	NaN
Glyceric acid-3-phosphate_(4TMS)_MP_RI:1802_IDENT:B+D	1	43478.26087	1267303.0	NaN
Citric acid_(4TMS)_MP_RI:1814_IDENT:B+D	0.005	260.2540079	353213.0	NaN
Citric acid_(4TMS)_MP_RI:1814_IDENT:B+D	0.01	520.5080158	676453.0	NaN
Citric acid_(4TMS)_MP_RI:1814_IDENT:B+D	0.02	1041.0160316	1997109.0	NaN
Citric acid_(4TMS)_MP_RI:1814_IDENT:B+D	0.05	2602.5400790000003	8519878.0	NaN
Citric acid_(4TMS)_MP_RI:1814_IDENT:B+D	0.1	5205.080158000001	2.1633605E7	NaN
Citric acid_(4TMS)_MP_RI:1814_IDENT:B+D	0.2	10410.160316000001	5.1368818E7	NaN
Citric acid_(4TMS)_MP_RI:1814_IDENT:B+D	0.5	26025.40079	1.64613917E8	NaN
Citric acid_(4TMS)_MP_RI:1814_IDENT:B+D	1	52050.80158	3.89735609E8	NaN
Arginine [-NH3]_(3TMS)_MP_RI:1819_IDENT:A+C	0.005	-99.0	-99.0	-99.0
Arginine [-NH3]_(3TMS)_MP_RI:1819_IDENT:A+C	0.01	-99.0	-99.0	-99.0
Arginine [-NH3]_(3TMS)_MP_RI:1819_IDENT:A+C	0.02	-99.0	-99.0	-99.0
Arginine [-NH3]_(3TMS)_MP_RI:1819_IDENT:A+C	0.05	-99.0	-99.0	-99.0
Arginine [-NH3]_(3TMS)_MP_RI:1819_IDENT:A+C	0.1	0.1	58813.0	NaN
Arginine [-NH3]_(3TMS)_MP_RI:1819_IDENT:A+C	0.2	0.2	49267.0	NaN
Arginine [-NH3]_(3TMS)_MP_RI:1819_IDENT:A+C	0.5	0.5	257280.0	NaN
Arginine [-NH3]_(3TMS)_MP_RI:1819_IDENT:A+C	1	-99.0	-99.0	-99.0
Lysine_(3TMS)_BP_RI:1849_IDENT:A+C	0.005	-99.0	-99.0	-99.0
Lysine_(3TMS)_BP_RI:1849_IDENT:A+C	0.01	-99.0	-99.0	-99.0
Lysine_(3TMS)_BP_RI:1849_IDENT:A+C	0.02	-99.0	-99.0	-99.0
Lysine_(3TMS)_BP_RI:1849_IDENT:A+C	0.05	1026.5535175000002	1052476.0	NaN
Lysine_(3TMS)_BP_RI:1849_IDENT:A+C	0.1	2053.1070350000005	4010270.0	NaN
Lysine_(3TMS)_BP_RI:1849_IDENT:A+C	0.2	4106.214070000001	1.0517598E7	NaN
Lysine_(3TMS)_BP_RI:1849_IDENT:A+C	0.5	10265.535175	3.2829555E7	NaN
Lysine_(3TMS)_BP_RI:1849_IDENT:A+C	1	20531.07035	7.6293602E7	NaN
Fructose_(1MEOX)(5TMS)_MP_RI:1862_IDENT:B+C	0.005	65.76783955	2347798.0	NaN
Fructose_(1MEOX)(5TMS)_MP_RI:1862_IDENT:B+C	0.01	131.5356791	5949613.0	NaN
Fructose_(1MEOX)(5TMS)_MP_RI:1862_IDENT:B+C	0.02	263.0713582	1.101234E7	NaN
Fructose_(1MEOX)(5TMS)_MP_RI:1862_IDENT:B+C	0.05	657.6783955000001	4.6796304E7	NaN
Fructose_(1MEOX)(5TMS)_MP_RI:1862_IDENT:B+C	0.1	1315.3567910000002	1.07180895E8	NaN
Fructose_(1MEOX)(5TMS)_MP_RI:1862_IDENT:B+C	0.2	2630.7135820000003	1.8984158E8	NaN
Fructose_(1MEOX)(5TMS)_MP_RI:1862_IDENT:B+C	0.5	6576.783955	5.68356261E8	NaN
Fructose_(1MEOX)(5TMS)_MP_RI:1862_IDENT:B+C	1	13153.56791	1.287817508E9	NaN
Fructose_(1MEOX)(5TMS)_BP_RI:1872_IDENT:B+C	0.005	65.76783955	1660833.0	NaN
Fructose_(1MEOX)(5TMS)_BP_RI:1872_IDENT:B+C	0.01	131.5356791	4912370.0	NaN
Fructose_(1MEOX)(5TMS)_BP_RI:1872_IDENT:B+C	0.02	263.0713582	8944787.0	NaN
Fructose_(1MEOX)(5TMS)_BP_RI:1872_IDENT:B+C	0.05	657.6783955000001	3.0694704E7	NaN
Fructose_(1MEOX)(5TMS)_BP_RI:1872_IDENT:B+C	0.1	1315.3567910000002	6.9953951E7	NaN
Fructose_(1MEOX)(5TMS)_BP_RI:1872_IDENT:B+C	0.2	2630.7135820000003	1.38201521E8	NaN
Fructose_(1MEOX)(5TMS)_BP_RI:1872_IDENT:B+C	0.5	6576.783955	4.19650318E8	NaN
Fructose_(1MEOX)(5TMS)_BP_RI:1872_IDENT:B+C	1	13153.56791	9.2636154E8	NaN
Glucose_(1MEOX)(5TMS)_MP_RI:1886_IDENT:B+D	0.005	164.4195988	6741481.0	NaN
Glucose_(1MEOX)(5TMS)_MP_RI:1886_IDENT:B+D	0.01	328.8391976	6.2178139E7	NaN
Glucose_(1MEOX)(5TMS)_MP_RI:1886_IDENT:B+D	0.02	657.6783952	3.7030797E7	NaN
Glucose_(1MEOX)(5TMS)_MP_RI:1886_IDENT:B+D	0.05	1644.195988	1.9793152E8	NaN
Glucose_(1MEOX)(5TMS)_MP_RI:1886_IDENT:B+D	0.1	3288.391976	4.916919E8	NaN
Glucose_(1MEOX)(5TMS)_MP_RI:1886_IDENT:B+D	0.2	6576.783952	9.865936E8	NaN
Glucose_(1MEOX)(5TMS)_MP_RI:1886_IDENT:B+D	0.5	16441.95988	2.607608853E9	NaN
Glucose_(1MEOX)(5TMS)_MP_RI:1886_IDENT:B+D	1	32883.91976	4.599420357E9	NaN
Glucose_(1MEOX)(5TMS)_BP_RI:1904_IDENT:B+D	0.005	164.4195988	3711284.0	NaN
Glucose_(1MEOX)(5TMS)_BP_RI:1904_IDENT:B+D	0.01	328.8391976	1.8199848E7	NaN
Glucose_(1MEOX)(5TMS)_BP_RI:1904_IDENT:B+D	0.02	657.6783952	2.095645E7	NaN
Glucose_(1MEOX)(5TMS)_BP_RI:1904_IDENT:B+D	0.05	1644.195988	4.8126988E7	NaN
Glucose_(1MEOX)(5TMS)_BP_RI:1904_IDENT:B+D	0.1	3288.391976	1.1095116E8	NaN
Glucose_(1MEOX)(5TMS)_BP_RI:1904_IDENT:B+D	0.2	6576.783952	2.10428489E8	NaN
Glucose_(1MEOX)(5TMS)_BP_RI:1904_IDENT:B+D	0.5	16441.95988	5.73155833E8	NaN
Glucose_(1MEOX)(5TMS)_BP_RI:1904_IDENT:B+D	1	32883.91976	1.197894668E9	NaN
Lysine_(4TMS)_MP_RI:1915_IDENT:A+C	0.005	-99.0	-99.0	-99.0
Lysine_(4TMS)_MP_RI:1915_IDENT:A+C	0.01	205.31070350000002	69933.0	NaN
Lysine_(4TMS)_MP_RI:1915_IDENT:A+C	0.02	410.62140700000003	126763.0	NaN
Lysine_(4TMS)_MP_RI:1915_IDENT:A+C	0.05	1026.5535175000002	232333.0	NaN
Lysine_(4TMS)_MP_RI:1915_IDENT:A+C	0.1	2053.1070350000005	593287.0	NaN
Lysine_(4TMS)_MP_RI:1915_IDENT:A+C	0.2	4106.214070000001	1303451.0	NaN
Lysine_(4TMS)_MP_RI:1915_IDENT:A+C	0.5	10265.535175	3905252.0	NaN
Lysine_(4TMS)_MP_RI:1915_IDENT:A+C	1	20531.07035	1.5751429E7	NaN
Glucosamine_(1MEOX)(5TMS)_MP_RI:1932_IDENT:A+B	0.005	-99.0	-99.0	-99.0
Glucosamine_(1MEOX)(5TMS)_MP_RI:1932_IDENT:A+B	0.01	-99.0	-99.0	-99.0
Glucosamine_(1MEOX)(5TMS)_MP_RI:1932_IDENT:A+B	0.02	92.75147242	856889.0	NaN
Glucosamine_(1MEOX)(5TMS)_MP_RI:1932_IDENT:A+B	0.05	231.87868104999998	649056.0	NaN
Glucosamine_(1MEOX)(5TMS)_MP_RI:1932_IDENT:A+B	0.1	463.75736209999997	1227800.0	NaN
Glucosamine_(1MEOX)(5TMS)_MP_RI:1932_IDENT:A+B	0.2	927.5147241999999	2675911.0	NaN
Glucosamine_(1MEOX)(5TMS)_MP_RI:1932_IDENT:A+B	0.5	2318.7868105	7112621.0	NaN
Glucosamine_(1MEOX)(5TMS)_MP_RI:1932_IDENT:A+B	1	4637.573621	1.8485794E7	NaN
Pantothenic acid_(3TMS)_MP_RI:1993_IDENT:A+D	0.005	83.94015064999999	751488.0	NaN
Pantothenic acid_(3TMS)_MP_RI:1993_IDENT:A+D	0.01	167.88030129999999	1940483.0	NaN
Pantothenic acid_(3TMS)_MP_RI:1993_IDENT:A+D	0.02	335.76060259999997	3684631.0	NaN
Pantothenic acid_(3TMS)_MP_RI:1993_IDENT:A+D	0.05	839.4015065	1.1320123E7	NaN
Pantothenic acid_(3TMS)_MP_RI:1993_IDENT:A+D	0.1	1678.803013	2.3752006E7	NaN
Pantothenic acid_(3TMS)_MP_RI:1993_IDENT:A+D	0.2	3357.606026	5.5538468E7	NaN
Pantothenic acid_(3TMS)_MP_RI:1993_IDENT:A+D	0.5	8394.015065	1.64514577E8	NaN
Pantothenic acid_(3TMS)_MP_RI:1993_IDENT:A+D	1	16788.03013	3.54604597E8	NaN
Inositol_ myo-_(6TMS)_MP_RI:2088_IDENT:C+D	0.005	277.53108349999997	2603599.0	NaN
Inositol_ myo-_(6TMS)_MP_RI:2088_IDENT:C+D	0.01	555.0621669999999	7591367.0	NaN
Inositol_ myo-_(6TMS)_MP_RI:2088_IDENT:C+D	0.02	1110.1243339999999	1.3451923E7	NaN
Inositol_ myo-_(6TMS)_MP_RI:2088_IDENT:C+D	0.05	2775.310835	3.8143766E7	NaN
Inositol_ myo-_(6TMS)_MP_RI:2088_IDENT:C+D	0.1	5550.62167	7.771977E7	NaN
Inositol_ myo-_(6TMS)_MP_RI:2088_IDENT:C+D	0.2	11101.24334	1.70768898E8	NaN
Inositol_ myo-_(6TMS)_MP_RI:2088_IDENT:C+D	0.5	27753.10835	5.13223857E8	NaN
Inositol_ myo-_(6TMS)_MP_RI:2088_IDENT:C+D	1	55506.2167	1.081700409E9	NaN
Ribose-5-phosphate_(1MEOX)(5TMS)_MP_RI:2103_IDENT:C+D	0.005	456.03794235000004	783660.0	NaN
Ribose-5-phosphate_(1MEOX)(5TMS)_MP_RI:2103_IDENT:C+D	0.01	912.0758847000001	2356242.0	NaN
Ribose-5-phosphate_(1MEOX)(5TMS)_MP_RI:2103_IDENT:C+D	0.02	1824.1517694000001	6056466.0	NaN
Ribose-5-phosphate_(1MEOX)(5TMS)_MP_RI:2103_IDENT:C+D	0.05	4560.3794235000005	1.0743328E7	NaN
Ribose-5-phosphate_(1MEOX)(5TMS)_MP_RI:2103_IDENT:C+D	0.1	9120.758847000001	1.434047E7	NaN
Ribose-5-phosphate_(1MEOX)(5TMS)_MP_RI:2103_IDENT:C+D	0.2	18241.517694000002	1.2236559E7	NaN
Ribose-5-phosphate_(1MEOX)(5TMS)_MP_RI:2103_IDENT:C+D	0.5	45603.794235	1.403719E7	NaN
Ribose-5-phosphate_(1MEOX)(5TMS)_MP_RI:2103_IDENT:C+D	1	91207.58847	1.1278364E7	NaN
Ribose-5-phosphate_(1MEOX)(5TMS)_BP_RI:2105_IDENT:C+D	0.005	-99.0	-99.0	-99.0
Ribose-5-phosphate_(1MEOX)(5TMS)_BP_RI:2105_IDENT:C+D	0.01	-99.0	-99.0	-99.0
Ribose-5-phosphate_(1MEOX)(5TMS)_BP_RI:2105_IDENT:C+D	0.02	-99.0	-99.0	-99.0
Ribose-5-phosphate_(1MEOX)(5TMS)_BP_RI:2105_IDENT:C+D	0.05	-99.0	-99.0	-99.0
Ribose-5-phosphate_(1MEOX)(5TMS)_BP_RI:2105_IDENT:C+D	0.1	9120.758847000001	5246036.0	NaN
Ribose-5-phosphate_(1MEOX)(5TMS)_BP_RI:2105_IDENT:C+D	0.2	-99.0	-99.0	-99.0
Ribose-5-phosphate_(1MEOX)(5TMS)_BP_RI:2105_IDENT:C+D	0.5	45603.794235	3.133135E7	NaN
Ribose-5-phosphate_(1MEOX)(5TMS)_BP_RI:2105_IDENT:C+D	1	91207.58847	4684590.0	NaN
Tryptophan_(3TMS)_MP_RI:2209_IDENT:B+C	0.005	-99.0	-99.0	-99.0
Tryptophan_(3TMS)_MP_RI:2209_IDENT:B+C	0.01	-99.0	-99.0	-99.0
Tryptophan_(3TMS)_MP_RI:2209_IDENT:B+C	0.02	-99.0	-99.0	-99.0
Tryptophan_(3TMS)_MP_RI:2209_IDENT:B+C	0.05	489.6440288	3192438.0	NaN
Tryptophan_(3TMS)_MP_RI:2209_IDENT:B+C	0.1	979.2880576	4176864.0	NaN
Tryptophan_(3TMS)_MP_RI:2209_IDENT:B+C	0.2	1958.5761152	6582125.0	NaN
Tryptophan_(3TMS)_MP_RI:2209_IDENT:B+C	0.5	4896.440288	1.8295803E7	NaN
Tryptophan_(3TMS)_MP_RI:2209_IDENT:B+C	1	9792.880576	4.6781964E7	NaN
Fructose-1-phosphate_(1MEOX)(6TMS)_BP_RI:2287_IDENT:B+D	0.005	-99.0	-99.0	-99.0
Fructose-1-phosphate_(1MEOX)(6TMS)_BP_RI:2287_IDENT:B+D	0.01	-99.0	-99.0	-99.0
Fructose-1-phosphate_(1MEOX)(6TMS)_BP_RI:2287_IDENT:B+D	0.02	-99.0	-99.0	-99.0
Fructose-1-phosphate_(1MEOX)(6TMS)_BP_RI:2287_IDENT:B+D	0.05	-99.0	-99.0	-99.0
Fructose-1-phosphate_(1MEOX)(6TMS)_BP_RI:2287_IDENT:B+D	0.1	-99.0	-99.0	-99.0
Fructose-1-phosphate_(1MEOX)(6TMS)_BP_RI:2287_IDENT:B+D	0.2	0.2	1914235.0	NaN
Fructose-1-phosphate_(1MEOX)(6TMS)_BP_RI:2287_IDENT:B+D	0.5	0.5	8537516.0	NaN
Fructose-1-phosphate_(1MEOX)(6TMS)_BP_RI:2287_IDENT:B+D	1	1.0	2.0875652E7	NaN
Fructose-1-phosphate_(1MEOX)(6TMS)_MP_RI:2291_IDENT:B+D	0.005	-99.0	-99.0	-99.0
Fructose-1-phosphate_(1MEOX)(6TMS)_MP_RI:2291_IDENT:B+D	0.01	-99.0	-99.0	-99.0
Fructose-1-phosphate_(1MEOX)(6TMS)_MP_RI:2291_IDENT:B+D	0.02	-99.0	-99.0	-99.0
Fructose-1-phosphate_(1MEOX)(6TMS)_MP_RI:2291_IDENT:B+D	0.05	-99.0	-99.0	-99.0
Fructose-1-phosphate_(1MEOX)(6TMS)_MP_RI:2291_IDENT:B+D	0.1	-99.0	-99.0	-99.0
Fructose-1-phosphate_(1MEOX)(6TMS)_MP_RI:2291_IDENT:B+D	0.2	0.2	1908547.0	NaN
Fructose-1-phosphate_(1MEOX)(6TMS)_MP_RI:2291_IDENT:B+D	0.5	0.5	8168303.0	NaN
Fructose-1-phosphate_(1MEOX)(6TMS)_MP_RI:2291_IDENT:B+D	1	1.0	2.0715321E7	NaN
Fructose-6-phosphate_(1MEOX)(6TMS)_MP_RI:2302_IDENT:A+C	0.005	65.76783955	194676.0	NaN
Fructose-6-phosphate_(1MEOX)(6TMS)_MP_RI:2302_IDENT:A+C	0.01	131.5356791	667663.0	NaN
Fructose-6-phosphate_(1MEOX)(6TMS)_MP_RI:2302_IDENT:A+C	0.02	263.0713582	2004989.0	NaN
Fructose-6-phosphate_(1MEOX)(6TMS)_MP_RI:2302_IDENT:A+C	0.05	657.6783955000001	8967364.0	NaN
Fructose-6-phosphate_(1MEOX)(6TMS)_MP_RI:2302_IDENT:A+C	0.1	1315.3567910000002	1.9891865E7	NaN
Fructose-6-phosphate_(1MEOX)(6TMS)_MP_RI:2302_IDENT:A+C	0.2	2630.7135820000003	4.9495613E7	NaN
Fructose-6-phosphate_(1MEOX)(6TMS)_MP_RI:2302_IDENT:A+C	0.5	6576.783955	1.61786365E8	NaN
Fructose-6-phosphate_(1MEOX)(6TMS)_MP_RI:2302_IDENT:A+C	1	13153.56791	3.62052128E8	NaN
Glucose-6-phosphate_(1MEOX)(6TMS)_BP_RI:2317_IDENT:A+B	0.005	-99.0	-99.0	-99.0
Glucose-6-phosphate_(1MEOX)(6TMS)_BP_RI:2317_IDENT:A+B	0.01	328.8391976	329910.0	NaN
Glucose-6-phosphate_(1MEOX)(6TMS)_BP_RI:2317_IDENT:A+B	0.02	657.6783952	940696.0	NaN
Glucose-6-phosphate_(1MEOX)(6TMS)_BP_RI:2317_IDENT:A+B	0.05	1644.195988	5661631.0	NaN
Glucose-6-phosphate_(1MEOX)(6TMS)_BP_RI:2317_IDENT:A+B	0.1	3288.391976	1.2799237E7	NaN
Glucose-6-phosphate_(1MEOX)(6TMS)_BP_RI:2317_IDENT:A+B	0.2	6576.783952	3.1203895E7	NaN
Glucose-6-phosphate_(1MEOX)(6TMS)_BP_RI:2317_IDENT:A+B	0.5	16441.95988	9.3738263E7	NaN
Glucose-6-phosphate_(1MEOX)(6TMS)_BP_RI:2317_IDENT:A+B	1	32883.91976	2.02462625E8	NaN
Gluconic acid-6-phosphate_(7TMS)_MP_RI:2426_IDENT:A+D	0.005	-99.0	-99.0	-99.0
Gluconic acid-6-phosphate_(7TMS)_MP_RI:2426_IDENT:A+D	0.01	-99.0	-99.0	-99.0
Gluconic acid-6-phosphate_(7TMS)_MP_RI:2426_IDENT:A+D	0.02	-99.0	-99.0	-99.0
Gluconic acid-6-phosphate_(7TMS)_MP_RI:2426_IDENT:A+D	0.05	730.8231995000001	7165785.0	NaN
Gluconic acid-6-phosphate_(7TMS)_MP_RI:2426_IDENT:A+D	0.1	1461.6463990000002	7838490.0	NaN
Gluconic acid-6-phosphate_(7TMS)_MP_RI:2426_IDENT:A+D	0.2	2923.2927980000004	1.6934962E7	NaN
Gluconic acid-6-phosphate_(7TMS)_MP_RI:2426_IDENT:A+D	0.5	7308.231995	3.8518589E7	NaN
Gluconic acid-6-phosphate_(7TMS)_MP_RI:2426_IDENT:A+D	1	14616.46399	6.861013E7	NaN
Adenosine_(4TMS)_MP_RI:2644_IDENT:A+B	0.005	-99.0	-99.0	-99.0
Adenosine_(4TMS)_MP_RI:2644_IDENT:A+B	0.01	-99.0	-99.0	-99.0
Adenosine_(4TMS)_MP_RI:2644_IDENT:A+B	0.02	-99.0	-99.0	-99.0
Adenosine_(4TMS)_MP_RI:2644_IDENT:A+B	0.05	-99.0	-99.0	-99.0
Adenosine_(4TMS)_MP_RI:2644_IDENT:A+B	0.1	-99.0	-99.0	-99.0
Adenosine_(4TMS)_MP_RI:2644_IDENT:A+B	0.2	3741.81478	962687.0	NaN
Adenosine_(4TMS)_MP_RI:2644_IDENT:A+B	0.5	9354.53695	3936071.0	NaN
Adenosine_(4TMS)_MP_RI:2644_IDENT:A+B	1	18709.0739	1.5141111E7	NaN
Fructose-1_6-diphosphate_(1MEOX)(7TMS)_MP_RI:2705_IDENT:B+C	0.005	-99.0	-99.0	-99.0
Fructose-1_6-diphosphate_(1MEOX)(7TMS)_MP_RI:2705_IDENT:B+C	0.01	-99.0	-99.0	-99.0
Fructose-1_6-diphosphate_(1MEOX)(7TMS)_MP_RI:2705_IDENT:B+C	0.02	-99.0	-99.0	-99.0
Fructose-1_6-diphosphate_(1MEOX)(7TMS)_MP_RI:2705_IDENT:B+C	0.05	-99.0	-99.0	-99.0
Fructose-1_6-diphosphate_(1MEOX)(7TMS)_MP_RI:2705_IDENT:B+C	0.1	5428.807969	1311539.0	NaN
Fructose-1_6-diphosphate_(1MEOX)(7TMS)_MP_RI:2705_IDENT:B+C	0.2	10857.615938	5598645.0	NaN
Fructose-1_6-diphosphate_(1MEOX)(7TMS)_MP_RI:2705_IDENT:B+C	0.5	27144.039845	2.8984843E7	NaN
Fructose-1_6-diphosphate_(1MEOX)(7TMS)_MP_RI:2705_IDENT:B+C	1	54288.07969	1.11007921E8	NaN
Uridine 5'-monophosphate_(5TMS)_MP_RI:2878_IDENT:B+C	0.005	-99.0	-99.0	-99.0
Uridine 5'-monophosphate_(5TMS)_MP_RI:2878_IDENT:B+C	0.01	-99.0	-99.0	-99.0
Uridine 5'-monophosphate_(5TMS)_MP_RI:2878_IDENT:B+C	0.02	-99.0	-99.0	-99.0
Uridine 5'-monophosphate_(5TMS)_MP_RI:2878_IDENT:B+C	0.05	-99.0	-99.0	-99.0
Uridine 5'-monophosphate_(5TMS)_MP_RI:2878_IDENT:B+C	0.1	-99.0	-99.0	-99.0
Uridine 5'-monophosphate_(5TMS)_MP_RI:2878_IDENT:B+C	0.2	16297.704740000001	718115.0	NaN
Uridine 5'-monophosphate_(5TMS)_MP_RI:2878_IDENT:B+C	0.5	40744.26185	2.543448E7	NaN
Uridine 5'-monophosphate_(5TMS)_MP_RI:2878_IDENT:B+C	1	81488.5237	1.39169085E8	NaN

