"Lettercode","Letter_Derivate","Quant1_v3","Metabolite","Batch_Id","Dilution","ChromIntensities","Concentration","Origin"
"3PGA","3PGA",43480,"Glyceric acid-3-phosphate_(4TMS)_MP_RI:1802_IDENT:B+D","e10224ch",0.02,-99,869.6,"Qstd"
"3PGA","3PGA",43480,"Glyceric acid-3-phosphate_(4TMS)_MP_RI:1802_IDENT:B+D","e10224ch",0.005,-99,217.4,"Qstd"
"3PGA","3PGA",43480,"Glyceric acid-3-phosphate_(4TMS)_MP_RI:1802_IDENT:B+D","e10224ch",0.5,316127,21740,"Qstd"
"3PGA","3PGA",43480,"Glyceric acid-3-phosphate_(4TMS)_MP_RI:1802_IDENT:B+D","e10224ch",0.1,28490,4348,"Qstd"
"3PGA","3PGA",43480,"Glyceric acid-3-phosphate_(4TMS)_MP_RI:1802_IDENT:B+D","e10224ch",0.05,-99,2174,"Qstd"
"3PGA","3PGA",43480,"Glyceric acid-3-phosphate_(4TMS)_MP_RI:1802_IDENT:B+D","e10224ch",0.01,-99,434.8,"Qstd"
"3PGA","3PGA",43480,"Glyceric acid-3-phosphate_(4TMS)_MP_RI:1802_IDENT:B+D","e10224ch",1,752958,43480,"Qstd"
"3PGA","3PGA",43480,"Glyceric acid-3-phosphate_(4TMS)_MP_RI:1802_IDENT:B+D","e10224ch",0.2,52727,8696,"Qstd"
"Ala_2TMS","Ala",134700,"Alanine_(2TMS)_BP_RI:1097_IDENT:B+C","e10224ch",0.5,1287312,67350,"Qstd"
"Ala_2TMS","Ala",134700,"Alanine_(2TMS)_BP_RI:1097_IDENT:B+C","e10222ch",0.05,209737,6735,"Qstd"
"Ala_2TMS","Ala",134700,"Alanine_(2TMS)_BP_RI:1097_IDENT:B+C","e10223ch",0.1,300347,13470,"Qstd"
"Ala_2TMS","Ala",134700,"Alanine_(2TMS)_BP_RI:1097_IDENT:B+C","e10222ch",0.01,-99,1347,"Qstd"
"Ala_2TMS","Ala",134700,"Alanine_(2TMS)_BP_RI:1097_IDENT:B+C","e10223ch",0.05,209416,6735,"Qstd"
"Ala_2TMS","Ala",134700,"Alanine_(2TMS)_BP_RI:1097_IDENT:B+C","e10224ch",1,3108230,134700,"Qstd"
"Ala_2TMS","Ala",134700,"Alanine_(2TMS)_BP_RI:1097_IDENT:B+C","e10224ch",0.1,500463,13470,"Qstd"
"Ala_2TMS","Ala",134700,"Alanine_(2TMS)_BP_RI:1097_IDENT:B+C","e10224ch",0.005,-99,673.5,"Qstd"
"Ala_2TMS","Ala",134700,"Alanine_(2TMS)_BP_RI:1097_IDENT:B+C","e10223ch",1,2891751,134700,"Qstd"
"Ala_2TMS","Ala",134700,"Alanine_(2TMS)_BP_RI:1097_IDENT:B+C","e10223ch",0.01,195610,1347,"Qstd"
"Ala_2TMS","Ala",134700,"Alanine_(2TMS)_BP_RI:1097_IDENT:B+C","e10222ch",1,2396247,134700,"Qstd"
"Ala_2TMS","Ala",134700,"Alanine_(2TMS)_BP_RI:1097_IDENT:B+C","e10223ch",0.02,169026,2694,"Qstd"
"Ala_2TMS","Ala",134700,"Alanine_(2TMS)_BP_RI:1097_IDENT:B+C","e10224ch",0.02,196868,2694,"Qstd"
"Ala_2TMS","Ala",134700,"Alanine_(2TMS)_BP_RI:1097_IDENT:B+C","e10222ch",0.2,404314,26940,"Qstd"
"Ala_2TMS","Ala",134700,"Alanine_(2TMS)_BP_RI:1097_IDENT:B+C","e10222ch",0.02,190029,2694,"Qstd"
"Ala_2TMS","Ala",134700,"Alanine_(2TMS)_BP_RI:1097_IDENT:B+C","e10224ch",0.05,234977,6735,"Qstd"
"Ala_2TMS","Ala",134700,"Alanine_(2TMS)_BP_RI:1097_IDENT:B+C","e10224ch",0.01,-99,1347,"Qstd"
"Ala_2TMS","Ala",134700,"Alanine_(2TMS)_BP_RI:1097_IDENT:B+C","e10222ch",0.5,1335595,67350,"Qstd"
"Ala_2TMS","Ala",134700,"Alanine_(2TMS)_BP_RI:1097_IDENT:B+C","e10224ch",0.2,619974,26940,"Qstd"
"Ala_2TMS","Ala",134700,"Alanine_(2TMS)_BP_RI:1097_IDENT:B+C","e10223ch",0.005,-99,673.5,"Qstd"
"Ala_2TMS","Ala",134700,"Alanine_(2TMS)_BP_RI:1097_IDENT:B+C","e10222ch",0.005,-99,673.5,"Qstd"
"Ala_2TMS","Ala",134700,"Alanine_(2TMS)_BP_RI:1097_IDENT:B+C","e10222ch",0.1,302085,13470,"Qstd"
"Ala_2TMS","Ala",134700,"Alanine_(2TMS)_BP_RI:1097_IDENT:B+C","e10223ch",0.2,526155,26940,"Qstd"
"Ala_2TMS","Ala",134700,"Alanine_(2TMS)_BP_RI:1097_IDENT:B+C","e10223ch",0.5,1268864,67350,"Qstd"
"Ala_3TMS","Ala",134700,"Alanine_(3TMS)_MP_RI:1367_IDENT:B+C","e10223ch",0.005,-99,673.5,"Qstd"
"Ala_3TMS","Ala",134700,"Alanine_(3TMS)_MP_RI:1367_IDENT:B+C","e10222ch",0.2,89951,26940,"Qstd"
"Ala_3TMS","Ala",134700,"Alanine_(3TMS)_MP_RI:1367_IDENT:B+C","e10223ch",0.2,78698,26940,"Qstd"
"Ala_3TMS","Ala",134700,"Alanine_(3TMS)_MP_RI:1367_IDENT:B+C","e10222ch",0.05,-99,6735,"Qstd"
"Ala_3TMS","Ala",134700,"Alanine_(3TMS)_MP_RI:1367_IDENT:B+C","e10222ch",0.02,-99,2694,"Qstd"
"Ala_3TMS","Ala",134700,"Alanine_(3TMS)_MP_RI:1367_IDENT:B+C","e10222ch",0.01,19487,1347,"Qstd"
"Ala_3TMS","Ala",134700,"Alanine_(3TMS)_MP_RI:1367_IDENT:B+C","e10222ch",0.5,240906,67350,"Qstd"
"Ala_3TMS","Ala",134700,"Alanine_(3TMS)_MP_RI:1367_IDENT:B+C","e10224ch",0.005,-99,673.5,"Qstd"
"Ala_3TMS","Ala",134700,"Alanine_(3TMS)_MP_RI:1367_IDENT:B+C","e10223ch",0.1,-99,13470,"Qstd"
"Ala_3TMS","Ala",134700,"Alanine_(3TMS)_MP_RI:1367_IDENT:B+C","e10223ch",1,213313,134700,"Qstd"
"Ala_3TMS","Ala",134700,"Alanine_(3TMS)_MP_RI:1367_IDENT:B+C","e10222ch",1,739353,134700,"Qstd"
"Ala_3TMS","Ala",134700,"Alanine_(3TMS)_MP_RI:1367_IDENT:B+C","e10224ch",0.05,42506,6735,"Qstd"
"Ala_3TMS","Ala",134700,"Alanine_(3TMS)_MP_RI:1367_IDENT:B+C","e10223ch",0.05,-99,6735,"Qstd"
"Ala_3TMS","Ala",134700,"Alanine_(3TMS)_MP_RI:1367_IDENT:B+C","e10223ch",0.01,-99,1347,"Qstd"
"Ala_3TMS","Ala",134700,"Alanine_(3TMS)_MP_RI:1367_IDENT:B+C","e10223ch",0.5,112102,67350,"Qstd"
"Ala_3TMS","Ala",134700,"Alanine_(3TMS)_MP_RI:1367_IDENT:B+C","e10224ch",0.5,351784,67350,"Qstd"
"Ala_3TMS","Ala",134700,"Alanine_(3TMS)_MP_RI:1367_IDENT:B+C","e10224ch",0.02,-99,2694,"Qstd"
"Ala_3TMS","Ala",134700,"Alanine_(3TMS)_MP_RI:1367_IDENT:B+C","e10222ch",0.005,67163,673.5,"Qstd"
"Ala_3TMS","Ala",134700,"Alanine_(3TMS)_MP_RI:1367_IDENT:B+C","e10224ch",1,726181,134700,"Qstd"
"Ala_3TMS","Ala",134700,"Alanine_(3TMS)_MP_RI:1367_IDENT:B+C","e10222ch",0.1,61794,13470,"Qstd"
"Ala_3TMS","Ala",134700,"Alanine_(3TMS)_MP_RI:1367_IDENT:B+C","e10223ch",0.02,-99,2694,"Qstd"
"Ala_3TMS","Ala",134700,"Alanine_(3TMS)_MP_RI:1367_IDENT:B+C","e10224ch",0.1,60282,13470,"Qstd"
"Ala_3TMS","Ala",134700,"Alanine_(3TMS)_MP_RI:1367_IDENT:B+C","e10224ch",0.01,-99,1347,"Qstd"
"Ala_3TMS","Ala",134700,"Alanine_(3TMS)_MP_RI:1367_IDENT:B+C","e10224ch",0.2,78784,26940,"Qstd"
"Asp_2TMS","Asp",15030,"Aspartic acid_(2TMS)_BP_RI:1433_IDENT:A+C","e10224ch",0.05,86180,751.5,"Qstd"
"Asp_2TMS","Asp",15030,"Aspartic acid_(2TMS)_BP_RI:1433_IDENT:A+C","e10224ch",0.2,455094,3006,"Qstd"
"Asp_2TMS","Asp",15030,"Aspartic acid_(2TMS)_BP_RI:1433_IDENT:A+C","e10224ch",0.01,22876,150.3,"Qstd"
"Asp_2TMS","Asp",15030,"Aspartic acid_(2TMS)_BP_RI:1433_IDENT:A+C","e10224ch",0.02,28548,300.6,"Qstd"
"Asp_2TMS","Asp",15030,"Aspartic acid_(2TMS)_BP_RI:1433_IDENT:A+C","e10224ch",0.5,833758,7515,"Qstd"
"Asp_2TMS","Asp",15030,"Aspartic acid_(2TMS)_BP_RI:1433_IDENT:A+C","e10224ch",0.1,123961,1503,"Qstd"
"Asp_2TMS","Asp",15030,"Aspartic acid_(2TMS)_BP_RI:1433_IDENT:A+C","e10224ch",0.005,8188,75.15,"Qstd"
"Asp_2TMS","Asp",15030,"Aspartic acid_(2TMS)_BP_RI:1433_IDENT:A+C","e10224ch",1,91883,15030,"Qstd"
"bAla_2TMS","bAla",11220,"Alanine_ beta-_(2TMS)_BP_RI:1188_IDENT:A+D","e10224ch",0.5,53360,5610,"Qstd"
"bAla_2TMS","bAla",11220,"Alanine_ beta-_(2TMS)_BP_RI:1188_IDENT:A+D","e10224ch",0.01,-99,112.2,"Qstd"
"bAla_2TMS","bAla",11220,"Alanine_ beta-_(2TMS)_BP_RI:1188_IDENT:A+D","e10224ch",0.005,-99,56.1,"Qstd"
"bAla_2TMS","bAla",11220,"Alanine_ beta-_(2TMS)_BP_RI:1188_IDENT:A+D","e10224ch",1,119702,11220,"Qstd"
"bAla_2TMS","bAla",11220,"Alanine_ beta-_(2TMS)_BP_RI:1188_IDENT:A+D","e10224ch",0.1,-99,1122,"Qstd"
"bAla_2TMS","bAla",11220,"Alanine_ beta-_(2TMS)_BP_RI:1188_IDENT:A+D","e10224ch",0.2,15167,2244,"Qstd"
"bAla_2TMS","bAla",11220,"Alanine_ beta-_(2TMS)_BP_RI:1188_IDENT:A+D","e10224ch",0.02,-99,224.4,"Qstd"
"bAla_2TMS","bAla",11220,"Alanine_ beta-_(2TMS)_BP_RI:1188_IDENT:A+D","e10224ch",0.05,-99,561,"Qstd"
"Butanoic_4amino","Butanoic_4amino",9700,"Butanoic acid_ 4-amino-_(3TMS)_MP_RI:1527_IDENT:A+C","e10224ch",0.5,1838478,4850,"Qstd"
"Butanoic_4amino","Butanoic_4amino",9700,"Butanoic acid_ 4-amino-_(3TMS)_MP_RI:1527_IDENT:A+C","e10224ch",1,4145604,9700,"Qstd"
"Butanoic_4amino","Butanoic_4amino",9700,"Butanoic acid_ 4-amino-_(3TMS)_MP_RI:1527_IDENT:A+C","e10222ch",0.01,36321,97,"Qstd"
"Butanoic_4amino","Butanoic_4amino",9700,"Butanoic acid_ 4-amino-_(3TMS)_MP_RI:1527_IDENT:A+C","e10223ch",0.2,558742,1940,"Qstd"
"Butanoic_4amino","Butanoic_4amino",9700,"Butanoic acid_ 4-amino-_(3TMS)_MP_RI:1527_IDENT:A+C","e10223ch",0.5,1343975,4850,"Qstd"
"Butanoic_4amino","Butanoic_4amino",9700,"Butanoic acid_ 4-amino-_(3TMS)_MP_RI:1527_IDENT:A+C","e10223ch",0.05,134906,485,"Qstd"
"Butanoic_4amino","Butanoic_4amino",9700,"Butanoic acid_ 4-amino-_(3TMS)_MP_RI:1527_IDENT:A+C","e10222ch",0.005,-99,48.5,"Qstd"
"Butanoic_4amino","Butanoic_4amino",9700,"Butanoic acid_ 4-amino-_(3TMS)_MP_RI:1527_IDENT:A+C","e10222ch",0.05,131067,485,"Qstd"
"Butanoic_4amino","Butanoic_4amino",9700,"Butanoic acid_ 4-amino-_(3TMS)_MP_RI:1527_IDENT:A+C","e10223ch",0.1,311638,970,"Qstd"
"Butanoic_4amino","Butanoic_4amino",9700,"Butanoic acid_ 4-amino-_(3TMS)_MP_RI:1527_IDENT:A+C","e10222ch",0.2,407483,1940,"Qstd"
"Butanoic_4amino","Butanoic_4amino",9700,"Butanoic acid_ 4-amino-_(3TMS)_MP_RI:1527_IDENT:A+C","e10222ch",0.5,1528562,4850,"Qstd"
"Butanoic_4amino","Butanoic_4amino",9700,"Butanoic acid_ 4-amino-_(3TMS)_MP_RI:1527_IDENT:A+C","e10222ch",0.02,79766,194,"Qstd"
"Butanoic_4amino","Butanoic_4amino",9700,"Butanoic acid_ 4-amino-_(3TMS)_MP_RI:1527_IDENT:A+C","e10224ch",0.02,78131,194,"Qstd"
"Butanoic_4amino","Butanoic_4amino",9700,"Butanoic acid_ 4-amino-_(3TMS)_MP_RI:1527_IDENT:A+C","e10222ch",1,2986756,9700,"Qstd"
"Butanoic_4amino","Butanoic_4amino",9700,"Butanoic acid_ 4-amino-_(3TMS)_MP_RI:1527_IDENT:A+C","e10223ch",1,3303635,9700,"Qstd"
"Butanoic_4amino","Butanoic_4amino",9700,"Butanoic acid_ 4-amino-_(3TMS)_MP_RI:1527_IDENT:A+C","e10223ch",0.01,31458,97,"Qstd"
"Butanoic_4amino","Butanoic_4amino",9700,"Butanoic acid_ 4-amino-_(3TMS)_MP_RI:1527_IDENT:A+C","e10224ch",0.1,389823,970,"Qstd"
"Butanoic_4amino","Butanoic_4amino",9700,"Butanoic acid_ 4-amino-_(3TMS)_MP_RI:1527_IDENT:A+C","e10222ch",0.1,278797,970,"Qstd"
"Butanoic_4amino","Butanoic_4amino",9700,"Butanoic acid_ 4-amino-_(3TMS)_MP_RI:1527_IDENT:A+C","e10224ch",0.01,44761,97,"Qstd"
"Butanoic_4amino","Butanoic_4amino",9700,"Butanoic acid_ 4-amino-_(3TMS)_MP_RI:1527_IDENT:A+C","e10223ch",0.02,76644,194,"Qstd"
"Butanoic_4amino","Butanoic_4amino",9700,"Butanoic acid_ 4-amino-_(3TMS)_MP_RI:1527_IDENT:A+C","e10224ch",0.2,803534,1940,"Qstd"
"Butanoic_4amino","Butanoic_4amino",9700,"Butanoic acid_ 4-amino-_(3TMS)_MP_RI:1527_IDENT:A+C","e10224ch",0.05,164228,485,"Qstd"
"Butanoic_4amino","Butanoic_4amino",9700,"Butanoic acid_ 4-amino-_(3TMS)_MP_RI:1527_IDENT:A+C","e10224ch",0.005,37579,48.5,"Qstd"
"Butanoic_4amino","Butanoic_4amino",9700,"Butanoic acid_ 4-amino-_(3TMS)_MP_RI:1527_IDENT:A+C","e10223ch",0.005,15877,48.5,"Qstd"
"Cit","Cit",52050,"Citric acid_(4TMS)_MP_RI:1814_IDENT:B+D","e10223ch",0.05,-99,2602.5,"Qstd"
"Cit","Cit",52050,"Citric acid_(4TMS)_MP_RI:1814_IDENT:B+D","e10224ch",0.02,17686,1041,"Qstd"
"Cit","Cit",52050,"Citric acid_(4TMS)_MP_RI:1814_IDENT:B+D","e10222ch",0.5,662570,26025,"Qstd"
"Cit","Cit",52050,"Citric acid_(4TMS)_MP_RI:1814_IDENT:B+D","e10223ch",0.005,-99,260.25,"Qstd"
"Cit","Cit",52050,"Citric acid_(4TMS)_MP_RI:1814_IDENT:B+D","e10223ch",0.02,-99,1041,"Qstd"
"Cit","Cit",52050,"Citric acid_(4TMS)_MP_RI:1814_IDENT:B+D","e10223ch",0.01,-99,520.5,"Qstd"
"Cit","Cit",52050,"Citric acid_(4TMS)_MP_RI:1814_IDENT:B+D","e10222ch",0.1,-99,5205,"Qstd"
"Cit","Cit",52050,"Citric acid_(4TMS)_MP_RI:1814_IDENT:B+D","e10222ch",0.02,-99,1041,"Qstd"
"Cit","Cit",52050,"Citric acid_(4TMS)_MP_RI:1814_IDENT:B+D","e10222ch",1,1568390,52050,"Qstd"
"Cit","Cit",52050,"Citric acid_(4TMS)_MP_RI:1814_IDENT:B+D","e10222ch",0.005,-99,260.25,"Qstd"
"Cit","Cit",52050,"Citric acid_(4TMS)_MP_RI:1814_IDENT:B+D","e10224ch",0.2,201310,10410,"Qstd"
"Cit","Cit",52050,"Citric acid_(4TMS)_MP_RI:1814_IDENT:B+D","e10222ch",0.01,-99,520.5,"Qstd"
"Cit","Cit",52050,"Citric acid_(4TMS)_MP_RI:1814_IDENT:B+D","e10224ch",0.01,-99,520.5,"Qstd"
"Cit","Cit",52050,"Citric acid_(4TMS)_MP_RI:1814_IDENT:B+D","e10224ch",0.05,27304,2602.5,"Qstd"
"Cit","Cit",52050,"Citric acid_(4TMS)_MP_RI:1814_IDENT:B+D","e10224ch",0.005,-99,260.25,"Qstd"
"Cit","Cit",52050,"Citric acid_(4TMS)_MP_RI:1814_IDENT:B+D","e10224ch",0.5,822433,26025,"Qstd"
"Cit","Cit",52050,"Citric acid_(4TMS)_MP_RI:1814_IDENT:B+D","e10222ch",0.05,-99,2602.5,"Qstd"
"Cit","Cit",52050,"Citric acid_(4TMS)_MP_RI:1814_IDENT:B+D","e10223ch",0.1,-99,5205,"Qstd"
"Cit","Cit",52050,"Citric acid_(4TMS)_MP_RI:1814_IDENT:B+D","e10222ch",0.2,25336,10410,"Qstd"
"Cit","Cit",52050,"Citric acid_(4TMS)_MP_RI:1814_IDENT:B+D","e10223ch",0.5,400508,26025,"Qstd"
"Cit","Cit",52050,"Citric acid_(4TMS)_MP_RI:1814_IDENT:B+D","e10223ch",0.2,34675,10410,"Qstd"
"Cit","Cit",52050,"Citric acid_(4TMS)_MP_RI:1814_IDENT:B+D","e10224ch",0.1,92250,5205,"Qstd"
"Cit","Cit",52050,"Citric acid_(4TMS)_MP_RI:1814_IDENT:B+D","e10224ch",1,2118274,52050,"Qstd"
"Cit","Cit",52050,"Citric acid_(4TMS)_MP_RI:1814_IDENT:B+D","e10223ch",1,1852576,52050,"Qstd"
"Creatinine","Creatinine",44200,"Creatinine_(3TMS)_MP_RI:1549_IDENT:B+C","e10224ch",0.005,-99,221,"Qstd"
"Creatinine","Creatinine",44200,"Creatinine_(3TMS)_MP_RI:1549_IDENT:B+C","e10222ch",0.005,-99,221,"Qstd"
"Creatinine","Creatinine",44200,"Creatinine_(3TMS)_MP_RI:1549_IDENT:B+C","e10222ch",0.01,-99,442,"Qstd"
"Creatinine","Creatinine",44200,"Creatinine_(3TMS)_MP_RI:1549_IDENT:B+C","e10224ch",0.2,171060,8840,"Qstd"
"Creatinine","Creatinine",44200,"Creatinine_(3TMS)_MP_RI:1549_IDENT:B+C","e10222ch",0.02,-99,884,"Qstd"
"Creatinine","Creatinine",44200,"Creatinine_(3TMS)_MP_RI:1549_IDENT:B+C","e10222ch",0.2,109478,8840,"Qstd"
"Creatinine","Creatinine",44200,"Creatinine_(3TMS)_MP_RI:1549_IDENT:B+C","e10222ch",0.1,67784,4420,"Qstd"
"Creatinine","Creatinine",44200,"Creatinine_(3TMS)_MP_RI:1549_IDENT:B+C","e10223ch",0.01,-99,442,"Qstd"
"Creatinine","Creatinine",44200,"Creatinine_(3TMS)_MP_RI:1549_IDENT:B+C","e10223ch",1,904456,44200,"Qstd"
"Creatinine","Creatinine",44200,"Creatinine_(3TMS)_MP_RI:1549_IDENT:B+C","e10222ch",0.5,375862,22100,"Qstd"
"Creatinine","Creatinine",44200,"Creatinine_(3TMS)_MP_RI:1549_IDENT:B+C","e10224ch",1,1099059,44200,"Qstd"
"Creatinine","Creatinine",44200,"Creatinine_(3TMS)_MP_RI:1549_IDENT:B+C","e10224ch",0.5,411510,22100,"Qstd"
"Creatinine","Creatinine",44200,"Creatinine_(3TMS)_MP_RI:1549_IDENT:B+C","e10223ch",0.1,57694,4420,"Qstd"
"Creatinine","Creatinine",44200,"Creatinine_(3TMS)_MP_RI:1549_IDENT:B+C","e10224ch",0.1,74547,4420,"Qstd"
"Creatinine","Creatinine",44200,"Creatinine_(3TMS)_MP_RI:1549_IDENT:B+C","e10223ch",0.005,-99,221,"Qstd"
"Creatinine","Creatinine",44200,"Creatinine_(3TMS)_MP_RI:1549_IDENT:B+C","e10224ch",0.02,-99,884,"Qstd"
"Creatinine","Creatinine",44200,"Creatinine_(3TMS)_MP_RI:1549_IDENT:B+C","e10223ch",0.5,299681,22100,"Qstd"
"Creatinine","Creatinine",44200,"Creatinine_(3TMS)_MP_RI:1549_IDENT:B+C","e10223ch",0.05,-99,2210,"Qstd"
"Creatinine","Creatinine",44200,"Creatinine_(3TMS)_MP_RI:1549_IDENT:B+C","e10224ch",0.01,-99,442,"Qstd"
"Creatinine","Creatinine",44200,"Creatinine_(3TMS)_MP_RI:1549_IDENT:B+C","e10222ch",1,820290,44200,"Qstd"
"Creatinine","Creatinine",44200,"Creatinine_(3TMS)_MP_RI:1549_IDENT:B+C","e10222ch",0.05,-99,2210,"Qstd"
"Creatinine","Creatinine",44200,"Creatinine_(3TMS)_MP_RI:1549_IDENT:B+C","e10223ch",0.2,118604,8840,"Qstd"
"Creatinine","Creatinine",44200,"Creatinine_(3TMS)_MP_RI:1549_IDENT:B+C","e10224ch",0.05,39803,2210,"Qstd"
"Creatinine","Creatinine",44200,"Creatinine_(3TMS)_MP_RI:1549_IDENT:B+C","e10223ch",0.02,-99,884,"Qstd"
"DHAP_BP","DHAP",88180,"Dihydroxyacetone phosphate_(1MEOX)(3TMS)_BP_RI:1751_IDENT:A+B","e10224ch",0.5,11442,44090,"Qstd"
"DHAP_BP","DHAP",88180,"Dihydroxyacetone phosphate_(1MEOX)(3TMS)_BP_RI:1751_IDENT:A+B","e10224ch",0.1,27469,8818,"Qstd"
"DHAP_BP","DHAP",88180,"Dihydroxyacetone phosphate_(1MEOX)(3TMS)_BP_RI:1751_IDENT:A+B","e10224ch",1,11907,88180,"Qstd"
"DHAP_BP","DHAP",88180,"Dihydroxyacetone phosphate_(1MEOX)(3TMS)_BP_RI:1751_IDENT:A+B","e10224ch",0.005,30450,440.9,"Qstd"
"DHAP_BP","DHAP",88180,"Dihydroxyacetone phosphate_(1MEOX)(3TMS)_BP_RI:1751_IDENT:A+B","e10224ch",0.01,32060,881.8,"Qstd"
"DHAP_BP","DHAP",88180,"Dihydroxyacetone phosphate_(1MEOX)(3TMS)_BP_RI:1751_IDENT:A+B","e10224ch",0.02,35402,1763.6,"Qstd"
"DHAP_BP","DHAP",88180,"Dihydroxyacetone phosphate_(1MEOX)(3TMS)_BP_RI:1751_IDENT:A+B","e10224ch",0.05,20143,4409,"Qstd"
"DHAP_BP","DHAP",88180,"Dihydroxyacetone phosphate_(1MEOX)(3TMS)_BP_RI:1751_IDENT:A+B","e10224ch",0.2,15973,17636,"Qstd"
"DHAP_MP","DHAP",88180,"Dihydroxyacetone phosphate_(1MEOX)(3TMS)_MP_RI:1739_IDENT:A+B","e10224ch",0.05,10766,4409,"Qstd"
"DHAP_MP","DHAP",88180,"Dihydroxyacetone phosphate_(1MEOX)(3TMS)_MP_RI:1739_IDENT:A+B","e10224ch",0.5,25426,44090,"Qstd"
"DHAP_MP","DHAP",88180,"Dihydroxyacetone phosphate_(1MEOX)(3TMS)_MP_RI:1739_IDENT:A+B","e10224ch",1,40299,88180,"Qstd"
"DHAP_MP","DHAP",88180,"Dihydroxyacetone phosphate_(1MEOX)(3TMS)_MP_RI:1739_IDENT:A+B","e10224ch",0.1,14661,8818,"Qstd"
"DHAP_MP","DHAP",88180,"Dihydroxyacetone phosphate_(1MEOX)(3TMS)_MP_RI:1739_IDENT:A+B","e10224ch",0.005,8946,440.9,"Qstd"
"DHAP_MP","DHAP",88180,"Dihydroxyacetone phosphate_(1MEOX)(3TMS)_MP_RI:1739_IDENT:A+B","e10224ch",0.2,9788,17636,"Qstd"
"DHAP_MP","DHAP",88180,"Dihydroxyacetone phosphate_(1MEOX)(3TMS)_MP_RI:1739_IDENT:A+B","e10224ch",0.02,14977,1763.6,"Qstd"
"DHAP_MP","DHAP",88180,"Dihydroxyacetone phosphate_(1MEOX)(3TMS)_MP_RI:1739_IDENT:A+B","e10224ch",0.01,9225,881.8,"Qstd"
"Ery_4TMS","Ery",81890,"Erythritol_(4TMS)_MP_RI:1503_IDENT:A+B","e10224ch",0.01,84605,818.9,"Qstd"
"Ery_4TMS","Ery",81890,"Erythritol_(4TMS)_MP_RI:1503_IDENT:A+B","e10224ch",0.2,49366,16378,"Qstd"
"Ery_4TMS","Ery",81890,"Erythritol_(4TMS)_MP_RI:1503_IDENT:A+B","e10224ch",0.005,72496,409.45,"Qstd"
"Ery_4TMS","Ery",81890,"Erythritol_(4TMS)_MP_RI:1503_IDENT:A+B","e10224ch",0.05,48011,4094.5,"Qstd"
"Ery_4TMS","Ery",81890,"Erythritol_(4TMS)_MP_RI:1503_IDENT:A+B","e10224ch",1,76644,81890,"Qstd"
"Ery_4TMS","Ery",81890,"Erythritol_(4TMS)_MP_RI:1503_IDENT:A+B","e10224ch",0.5,37429,40945,"Qstd"
"Ery_4TMS","Ery",81890,"Erythritol_(4TMS)_MP_RI:1503_IDENT:A+B","e10224ch",0.02,46554,1637.8,"Qstd"
"Ery_4TMS","Ery",81890,"Erythritol_(4TMS)_MP_RI:1503_IDENT:A+B","e10224ch",0.1,35552,8189,"Qstd"
"Frc_BP","Frc",83260,"Fructose_(1MEOX)(5TMS)_BP_RI:1872_IDENT:B+C","e10223ch",0.05,19322,4163,"Qstd"
"Frc_BP","Frc",83260,"Fructose_(1MEOX)(5TMS)_BP_RI:1872_IDENT:B+C","e10223ch",0.01,19176,832.6,"Qstd"
"Frc_BP","Frc",83260,"Fructose_(1MEOX)(5TMS)_BP_RI:1872_IDENT:B+C","e10223ch",0.02,19664,1665.2,"Qstd"
"Frc_BP","Frc",83260,"Fructose_(1MEOX)(5TMS)_BP_RI:1872_IDENT:B+C","e10223ch",0.005,13030,416.3,"Qstd"
"Frc_BP","Frc",83260,"Fructose_(1MEOX)(5TMS)_BP_RI:1872_IDENT:B+C","e10224ch",1,4357884,83260,"Qstd"
"Frc_BP","Frc",83260,"Fructose_(1MEOX)(5TMS)_BP_RI:1872_IDENT:B+C","e10223ch",0.1,41329,8326,"Qstd"
"Frc_BP","Frc",83260,"Fructose_(1MEOX)(5TMS)_BP_RI:1872_IDENT:B+C","e10222ch",0.2,400101,16652,"Qstd"
"Frc_BP","Frc",83260,"Fructose_(1MEOX)(5TMS)_BP_RI:1872_IDENT:B+C","e10224ch",0.1,359140,8326,"Qstd"
"Frc_BP","Frc",83260,"Fructose_(1MEOX)(5TMS)_BP_RI:1872_IDENT:B+C","e10224ch",0.2,878848,16652,"Qstd"
"Frc_BP","Frc",83260,"Fructose_(1MEOX)(5TMS)_BP_RI:1872_IDENT:B+C","e10222ch",0.5,1604348,41630,"Qstd"
"Frc_BP","Frc",83260,"Fructose_(1MEOX)(5TMS)_BP_RI:1872_IDENT:B+C","e10222ch",0.02,79777,1665.2,"Qstd"
"Frc_BP","Frc",83260,"Fructose_(1MEOX)(5TMS)_BP_RI:1872_IDENT:B+C","e10222ch",0.1,311122,8326,"Qstd"
"Frc_BP","Frc",83260,"Fructose_(1MEOX)(5TMS)_BP_RI:1872_IDENT:B+C","e10224ch",0.02,82773,1665.2,"Qstd"
"Frc_BP","Frc",83260,"Fructose_(1MEOX)(5TMS)_BP_RI:1872_IDENT:B+C","e10223ch",0.5,130998,41630,"Qstd"
"Frc_BP","Frc",83260,"Fructose_(1MEOX)(5TMS)_BP_RI:1872_IDENT:B+C","e10224ch",0.5,1934120,41630,"Qstd"
"Frc_BP","Frc",83260,"Fructose_(1MEOX)(5TMS)_BP_RI:1872_IDENT:B+C","e10222ch",1,3050028,83260,"Qstd"
"Frc_BP","Frc",83260,"Fructose_(1MEOX)(5TMS)_BP_RI:1872_IDENT:B+C","e10224ch",0.05,152966,4163,"Qstd"
"Frc_BP","Frc",83260,"Fructose_(1MEOX)(5TMS)_BP_RI:1872_IDENT:B+C","e10223ch",1,206960,83260,"Qstd"
"Frc_BP","Frc",83260,"Fructose_(1MEOX)(5TMS)_BP_RI:1872_IDENT:B+C","e10222ch",0.01,51874,832.6,"Qstd"
"Frc_BP","Frc",83260,"Fructose_(1MEOX)(5TMS)_BP_RI:1872_IDENT:B+C","e10224ch",0.01,50031,832.6,"Qstd"
"Frc_BP","Frc",83260,"Fructose_(1MEOX)(5TMS)_BP_RI:1872_IDENT:B+C","e10222ch",0.05,155823,4163,"Qstd"
"Frc_BP","Frc",83260,"Fructose_(1MEOX)(5TMS)_BP_RI:1872_IDENT:B+C","e10223ch",0.2,51601,16652,"Qstd"
"Frc_BP","Frc",83260,"Fructose_(1MEOX)(5TMS)_BP_RI:1872_IDENT:B+C","e10224ch",0.005,39857,416.3,"Qstd"
"Frc_BP","Frc",83260,"Fructose_(1MEOX)(5TMS)_BP_RI:1872_IDENT:B+C","e10222ch",0.005,21098,416.3,"Qstd"
"Frc_MP","Frc",83260,"Fructose_(1MEOX)(5TMS)_MP_RI:1862_IDENT:B+C","e10223ch",0.02,112227,1665.2,"Qstd"
"Frc_MP","Frc",83260,"Fructose_(1MEOX)(5TMS)_MP_RI:1862_IDENT:B+C","e10223ch",0.005,61967,416.3,"Qstd"
"Frc_MP","Frc",83260,"Fructose_(1MEOX)(5TMS)_MP_RI:1862_IDENT:B+C","e10222ch",0.01,62501,832.6,"Qstd"
"Frc_MP","Frc",83260,"Fructose_(1MEOX)(5TMS)_MP_RI:1862_IDENT:B+C","e10222ch",0.5,2149243,41630,"Qstd"
"Frc_MP","Frc",83260,"Fructose_(1MEOX)(5TMS)_MP_RI:1862_IDENT:B+C","e10222ch",0.05,195338,4163,"Qstd"
"Frc_MP","Frc",83260,"Fructose_(1MEOX)(5TMS)_MP_RI:1862_IDENT:B+C","e10223ch",0.2,861145,16652,"Qstd"
"Frc_MP","Frc",83260,"Fructose_(1MEOX)(5TMS)_MP_RI:1862_IDENT:B+C","e10223ch",0.05,202450,4163,"Qstd"
"Frc_MP","Frc",83260,"Fructose_(1MEOX)(5TMS)_MP_RI:1862_IDENT:B+C","e10222ch",0.005,22702,416.3,"Qstd"
"Frc_MP","Frc",83260,"Fructose_(1MEOX)(5TMS)_MP_RI:1862_IDENT:B+C","e10222ch",0.2,503194,16652,"Qstd"
"Frc_MP","Frc",83260,"Fructose_(1MEOX)(5TMS)_MP_RI:1862_IDENT:B+C","e10223ch",0.1,481545,8326,"Qstd"
"Frc_MP","Frc",83260,"Fructose_(1MEOX)(5TMS)_MP_RI:1862_IDENT:B+C","e10224ch",0.005,55711,416.3,"Qstd"
"Frc_MP","Frc",83260,"Fructose_(1MEOX)(5TMS)_MP_RI:1862_IDENT:B+C","e10223ch",0.01,86473,832.6,"Qstd"
"Frc_MP","Frc",83260,"Fructose_(1MEOX)(5TMS)_MP_RI:1862_IDENT:B+C","e10223ch",0.5,2187711,41630,"Qstd"
"Frc_MP","Frc",83260,"Fructose_(1MEOX)(5TMS)_MP_RI:1862_IDENT:B+C","e10222ch",0.1,412175,8326,"Qstd"
"Frc_MP","Frc",83260,"Fructose_(1MEOX)(5TMS)_MP_RI:1862_IDENT:B+C","e10224ch",1,5733397,83260,"Qstd"
"Frc_MP","Frc",83260,"Fructose_(1MEOX)(5TMS)_MP_RI:1862_IDENT:B+C","e10224ch",0.5,2551125,41630,"Qstd"
"Frc_MP","Frc",83260,"Fructose_(1MEOX)(5TMS)_MP_RI:1862_IDENT:B+C","e10224ch",0.1,453633,8326,"Qstd"
"Frc_MP","Frc",83260,"Fructose_(1MEOX)(5TMS)_MP_RI:1862_IDENT:B+C","e10223ch",1,4938386,83260,"Qstd"
"Frc_MP","Frc",83260,"Fructose_(1MEOX)(5TMS)_MP_RI:1862_IDENT:B+C","e10222ch",0.02,82716,1665.2,"Qstd"
"Frc_MP","Frc",83260,"Fructose_(1MEOX)(5TMS)_MP_RI:1862_IDENT:B+C","e10224ch",0.2,1218092,16652,"Qstd"
"Frc_MP","Frc",83260,"Fructose_(1MEOX)(5TMS)_MP_RI:1862_IDENT:B+C","e10222ch",1,3893112,83260,"Qstd"
"Frc_MP","Frc",83260,"Fructose_(1MEOX)(5TMS)_MP_RI:1862_IDENT:B+C","e10224ch",0.05,207845,4163,"Qstd"
"Frc_MP","Frc",83260,"Fructose_(1MEOX)(5TMS)_MP_RI:1862_IDENT:B+C","e10224ch",0.02,109736,1665.2,"Qstd"
"Frc_MP","Frc",83260,"Fructose_(1MEOX)(5TMS)_MP_RI:1862_IDENT:B+C","e10224ch",0.01,63312,832.6,"Qstd"
"Frc6P_MP","Frc6P",13150,"Fructose-6-phosphate_(1MEOX)(6TMS)_MP_RI:2302_IDENT:A+C","e10224ch",0.02,12157,263,"Qstd"
"Frc6P_MP","Frc6P",13150,"Fructose-6-phosphate_(1MEOX)(6TMS)_MP_RI:2302_IDENT:A+C","e10224ch",0.005,11626,65.75,"Qstd"
"Frc6P_MP","Frc6P",13150,"Fructose-6-phosphate_(1MEOX)(6TMS)_MP_RI:2302_IDENT:A+C","e10223ch",0.2,14358,2630,"Qstd"
"Frc6P_MP","Frc6P",13150,"Fructose-6-phosphate_(1MEOX)(6TMS)_MP_RI:2302_IDENT:A+C","e10223ch",1,55148,13150,"Qstd"
"Frc6P_MP","Frc6P",13150,"Fructose-6-phosphate_(1MEOX)(6TMS)_MP_RI:2302_IDENT:A+C","e10223ch",0.05,17859,657.5,"Qstd"
"Frc6P_MP","Frc6P",13150,"Fructose-6-phosphate_(1MEOX)(6TMS)_MP_RI:2302_IDENT:A+C","e10223ch",0.02,10366,263,"Qstd"
"Frc6P_MP","Frc6P",13150,"Fructose-6-phosphate_(1MEOX)(6TMS)_MP_RI:2302_IDENT:A+C","e10224ch",0.5,-99,6575,"Qstd"
"Frc6P_MP","Frc6P",13150,"Fructose-6-phosphate_(1MEOX)(6TMS)_MP_RI:2302_IDENT:A+C","e10224ch",0.1,-99,1315,"Qstd"
"Frc6P_MP","Frc6P",13150,"Fructose-6-phosphate_(1MEOX)(6TMS)_MP_RI:2302_IDENT:A+C","e10224ch",1,-99,13150,"Qstd"
"Frc6P_MP","Frc6P",13150,"Fructose-6-phosphate_(1MEOX)(6TMS)_MP_RI:2302_IDENT:A+C","e10224ch",0.05,-99,657.5,"Qstd"
"Frc6P_MP","Frc6P",13150,"Fructose-6-phosphate_(1MEOX)(6TMS)_MP_RI:2302_IDENT:A+C","e10224ch",0.01,3820,131.5,"Qstd"
"Frc6P_MP","Frc6P",13150,"Fructose-6-phosphate_(1MEOX)(6TMS)_MP_RI:2302_IDENT:A+C","e10223ch",0.005,9027,65.75,"Qstd"
"Frc6P_MP","Frc6P",13150,"Fructose-6-phosphate_(1MEOX)(6TMS)_MP_RI:2302_IDENT:A+C","e10224ch",0.2,-99,2630,"Qstd"
"Frc6P_MP","Frc6P",13150,"Fructose-6-phosphate_(1MEOX)(6TMS)_MP_RI:2302_IDENT:A+C","e10223ch",0.5,24734,6575,"Qstd"
"Frc6P_MP","Frc6P",13150,"Fructose-6-phosphate_(1MEOX)(6TMS)_MP_RI:2302_IDENT:A+C","e10223ch",0.1,7815,1315,"Qstd"
"Frc6P_MP","Frc6P",13150,"Fructose-6-phosphate_(1MEOX)(6TMS)_MP_RI:2302_IDENT:A+C","e10223ch",0.01,4342,131.5,"Qstd"
"Fum","Fum",34460,"Fumaric acid_(2TMS)_MP_RI:1366_IDENT:A+C","e10224ch",0.05,30367,1723,"Qstd"
"Fum","Fum",34460,"Fumaric acid_(2TMS)_MP_RI:1366_IDENT:A+C","e10222ch",0.05,29190,1723,"Qstd"
"Fum","Fum",34460,"Fumaric acid_(2TMS)_MP_RI:1366_IDENT:A+C","e10224ch",0.5,882146,17230,"Qstd"
"Fum","Fum",34460,"Fumaric acid_(2TMS)_MP_RI:1366_IDENT:A+C","e10223ch",0.1,56846,3446,"Qstd"
"Fum","Fum",34460,"Fumaric acid_(2TMS)_MP_RI:1366_IDENT:A+C","e10224ch",0.02,20665,689.2,"Qstd"
"Fum","Fum",34460,"Fumaric acid_(2TMS)_MP_RI:1366_IDENT:A+C","e10223ch",1,1561462,34460,"Qstd"
"Fum","Fum",34460,"Fumaric acid_(2TMS)_MP_RI:1366_IDENT:A+C","e10222ch",0.2,90442,6892,"Qstd"
"Fum","Fum",34460,"Fumaric acid_(2TMS)_MP_RI:1366_IDENT:A+C","e10224ch",0.1,133244,3446,"Qstd"
"Fum","Fum",34460,"Fumaric acid_(2TMS)_MP_RI:1366_IDENT:A+C","e10223ch",0.02,-99,689.2,"Qstd"
"Fum","Fum",34460,"Fumaric acid_(2TMS)_MP_RI:1366_IDENT:A+C","e10222ch",0.5,722161,17230,"Qstd"
"Fum","Fum",34460,"Fumaric acid_(2TMS)_MP_RI:1366_IDENT:A+C","e10224ch",1,2043613,34460,"Qstd"
"Fum","Fum",34460,"Fumaric acid_(2TMS)_MP_RI:1366_IDENT:A+C","e10222ch",1,1539195,34460,"Qstd"
"Fum","Fum",34460,"Fumaric acid_(2TMS)_MP_RI:1366_IDENT:A+C","e10223ch",0.01,-99,344.6,"Qstd"
"Fum","Fum",34460,"Fumaric acid_(2TMS)_MP_RI:1366_IDENT:A+C","e10224ch",0.005,43397,172.3,"Qstd"
"Fum","Fum",34460,"Fumaric acid_(2TMS)_MP_RI:1366_IDENT:A+C","e10223ch",0.2,118263,6892,"Qstd"
"Fum","Fum",34460,"Fumaric acid_(2TMS)_MP_RI:1366_IDENT:A+C","e10222ch",0.005,-99,172.3,"Qstd"
"Fum","Fum",34460,"Fumaric acid_(2TMS)_MP_RI:1366_IDENT:A+C","e10223ch",0.05,-99,1723,"Qstd"
"Fum","Fum",34460,"Fumaric acid_(2TMS)_MP_RI:1366_IDENT:A+C","e10222ch",0.02,-99,689.2,"Qstd"
"Fum","Fum",34460,"Fumaric acid_(2TMS)_MP_RI:1366_IDENT:A+C","e10224ch",0.2,292678,6892,"Qstd"
"Fum","Fum",34460,"Fumaric acid_(2TMS)_MP_RI:1366_IDENT:A+C","e10223ch",0.5,516294,17230,"Qstd"
"Fum","Fum",34460,"Fumaric acid_(2TMS)_MP_RI:1366_IDENT:A+C","e10224ch",0.01,24505,344.6,"Qstd"
"Fum","Fum",34460,"Fumaric acid_(2TMS)_MP_RI:1366_IDENT:A+C","e10222ch",0.1,52791,3446,"Qstd"
"Fum","Fum",34460,"Fumaric acid_(2TMS)_MP_RI:1366_IDENT:A+C","e10222ch",0.01,-99,344.6,"Qstd"
"Fum","Fum",34460,"Fumaric acid_(2TMS)_MP_RI:1366_IDENT:A+C","e10223ch",0.005,-99,172.3,"Qstd"
"Gln_3TMS","Gln",136860,"Glutamine_(3TMS)_MP_RI:1770_IDENT:C+D","e10224ch",0.02,6061,2737.2,"Qstd"
"Gln_3TMS","Gln",136860,"Glutamine_(3TMS)_MP_RI:1770_IDENT:C+D","e10222ch",1,1426,136860,"Qstd"
"Gln_3TMS","Gln",136860,"Glutamine_(3TMS)_MP_RI:1770_IDENT:C+D","e10222ch",0.01,3353,1368.6,"Qstd"
"Gln_3TMS","Gln",136860,"Glutamine_(3TMS)_MP_RI:1770_IDENT:C+D","e10222ch",0.05,14318,6843,"Qstd"
"Gln_3TMS","Gln",136860,"Glutamine_(3TMS)_MP_RI:1770_IDENT:C+D","e10224ch",0.5,-99,68430,"Qstd"
"Gln_3TMS","Gln",136860,"Glutamine_(3TMS)_MP_RI:1770_IDENT:C+D","e10222ch",0.02,9468,2737.2,"Qstd"
"Gln_3TMS","Gln",136860,"Glutamine_(3TMS)_MP_RI:1770_IDENT:C+D","e10222ch",0.005,5007,684.3,"Qstd"
"Gln_3TMS","Gln",136860,"Glutamine_(3TMS)_MP_RI:1770_IDENT:C+D","e10224ch",0.005,10826,684.3,"Qstd"
"Gln_3TMS","Gln",136860,"Glutamine_(3TMS)_MP_RI:1770_IDENT:C+D","e10224ch",0.2,-99,27372,"Qstd"
"Gln_3TMS","Gln",136860,"Glutamine_(3TMS)_MP_RI:1770_IDENT:C+D","e10222ch",0.1,5070,13686,"Qstd"
"Gln_3TMS","Gln",136860,"Glutamine_(3TMS)_MP_RI:1770_IDENT:C+D","e10224ch",0.1,-99,13686,"Qstd"
"Gln_3TMS","Gln",136860,"Glutamine_(3TMS)_MP_RI:1770_IDENT:C+D","e10222ch",0.2,11954,27372,"Qstd"
"Gln_3TMS","Gln",136860,"Glutamine_(3TMS)_MP_RI:1770_IDENT:C+D","e10224ch",0.05,-99,6843,"Qstd"
"Gln_3TMS","Gln",136860,"Glutamine_(3TMS)_MP_RI:1770_IDENT:C+D","e10224ch",1,-99,136860,"Qstd"
"Gln_3TMS","Gln",136860,"Glutamine_(3TMS)_MP_RI:1770_IDENT:C+D","e10224ch",0.01,11341,1368.6,"Qstd"
"Gln_3TMS","Gln",136860,"Glutamine_(3TMS)_MP_RI:1770_IDENT:C+D","e10222ch",0.5,22855,68430,"Qstd"
"Glu_2TMS","Glu",135930,"Glutamic acid_(2TMS)_BP_RI:1533_IDENT:A+B","e10224ch",0.01,-99,1359.3,"Qstd"
"Glu_2TMS","Glu",135930,"Glutamic acid_(2TMS)_BP_RI:1533_IDENT:A+B","e10223ch",0.1,-99,13593,"Qstd"
"Glu_2TMS","Glu",135930,"Glutamic acid_(2TMS)_BP_RI:1533_IDENT:A+B","e10224ch",0.5,101334,67965,"Qstd"
"Glu_2TMS","Glu",135930,"Glutamic acid_(2TMS)_BP_RI:1533_IDENT:A+B","e10224ch",1,121682,135930,"Qstd"
"Glu_2TMS","Glu",135930,"Glutamic acid_(2TMS)_BP_RI:1533_IDENT:A+B","e10223ch",0.02,-99,2718.6,"Qstd"
"Glu_2TMS","Glu",135930,"Glutamic acid_(2TMS)_BP_RI:1533_IDENT:A+B","e10223ch",0.01,8262,1359.3,"Qstd"
"Glu_2TMS","Glu",135930,"Glutamic acid_(2TMS)_BP_RI:1533_IDENT:A+B","e10224ch",0.1,32392,13593,"Qstd"
"Glu_2TMS","Glu",135930,"Glutamic acid_(2TMS)_BP_RI:1533_IDENT:A+B","e10223ch",0.5,34350,67965,"Qstd"
"Glu_2TMS","Glu",135930,"Glutamic acid_(2TMS)_BP_RI:1533_IDENT:A+B","e10223ch",0.2,17348,27186,"Qstd"
"Glu_2TMS","Glu",135930,"Glutamic acid_(2TMS)_BP_RI:1533_IDENT:A+B","e10224ch",0.2,33400,27186,"Qstd"
"Glu_2TMS","Glu",135930,"Glutamic acid_(2TMS)_BP_RI:1533_IDENT:A+B","e10224ch",0.05,-99,6796.5,"Qstd"
"Glu_2TMS","Glu",135930,"Glutamic acid_(2TMS)_BP_RI:1533_IDENT:A+B","e10224ch",0.005,25253,679.65,"Qstd"
"Glu_2TMS","Glu",135930,"Glutamic acid_(2TMS)_BP_RI:1533_IDENT:A+B","e10223ch",0.05,-99,6796.5,"Qstd"
"Glu_2TMS","Glu",135930,"Glutamic acid_(2TMS)_BP_RI:1533_IDENT:A+B","e10224ch",0.02,-99,2718.6,"Qstd"
"Glu_2TMS","Glu",135930,"Glutamic acid_(2TMS)_BP_RI:1533_IDENT:A+B","e10223ch",0.005,-99,679.65,"Qstd"
"Glu_2TMS","Glu",135930,"Glutamic acid_(2TMS)_BP_RI:1533_IDENT:A+B","e10223ch",1,74169,135930,"Qstd"
"Gly_2TMS","Gly",66600,"Glycine_(2TMS)_BP_RI:1117_IDENT:A+C","e10224ch",0.02,-99,1332,"Qstd"
"Gly_2TMS","Gly",66600,"Glycine_(2TMS)_BP_RI:1117_IDENT:A+C","e10223ch",0.1,31176,6660,"Qstd"
"Gly_2TMS","Gly",66600,"Glycine_(2TMS)_BP_RI:1117_IDENT:A+C","e10223ch",0.02,-99,1332,"Qstd"
"Gly_2TMS","Gly",66600,"Glycine_(2TMS)_BP_RI:1117_IDENT:A+C","e10224ch",0.05,63306,3330,"Qstd"
"Gly_2TMS","Gly",66600,"Glycine_(2TMS)_BP_RI:1117_IDENT:A+C","e10224ch",0.01,-99,666,"Qstd"
"Gly_2TMS","Gly",66600,"Glycine_(2TMS)_BP_RI:1117_IDENT:A+C","e10224ch",0.005,-99,333,"Qstd"
"Gly_2TMS","Gly",66600,"Glycine_(2TMS)_BP_RI:1117_IDENT:A+C","e10222ch",0.01,-99,666,"Qstd"
"Gly_2TMS","Gly",66600,"Glycine_(2TMS)_BP_RI:1117_IDENT:A+C","e10222ch",0.2,74095,13320,"Qstd"
"Gly_2TMS","Gly",66600,"Glycine_(2TMS)_BP_RI:1117_IDENT:A+C","e10223ch",0.5,145202,33300,"Qstd"
"Gly_2TMS","Gly",66600,"Glycine_(2TMS)_BP_RI:1117_IDENT:A+C","e10223ch",0.005,-99,333,"Qstd"
"Gly_2TMS","Gly",66600,"Glycine_(2TMS)_BP_RI:1117_IDENT:A+C","e10224ch",0.1,55592,6660,"Qstd"
"Gly_2TMS","Gly",66600,"Glycine_(2TMS)_BP_RI:1117_IDENT:A+C","e10222ch",0.005,-99,333,"Qstd"
"Gly_2TMS","Gly",66600,"Glycine_(2TMS)_BP_RI:1117_IDENT:A+C","e10222ch",0.1,29143,6660,"Qstd"
"Gly_2TMS","Gly",66600,"Glycine_(2TMS)_BP_RI:1117_IDENT:A+C","e10222ch",0.5,131190,33300,"Qstd"
"Gly_2TMS","Gly",66600,"Glycine_(2TMS)_BP_RI:1117_IDENT:A+C","e10222ch",0.02,-99,1332,"Qstd"
"Gly_2TMS","Gly",66600,"Glycine_(2TMS)_BP_RI:1117_IDENT:A+C","e10223ch",0.05,-99,3330,"Qstd"
"Gly_2TMS","Gly",66600,"Glycine_(2TMS)_BP_RI:1117_IDENT:A+C","e10223ch",1,302354,66600,"Qstd"
"Gly_2TMS","Gly",66600,"Glycine_(2TMS)_BP_RI:1117_IDENT:A+C","e10222ch",0.05,-99,3330,"Qstd"
"Gly_2TMS","Gly",66600,"Glycine_(2TMS)_BP_RI:1117_IDENT:A+C","e10223ch",0.2,80517,13320,"Qstd"
"Gly_2TMS","Gly",66600,"Glycine_(2TMS)_BP_RI:1117_IDENT:A+C","e10224ch",1,360995,66600,"Qstd"
"Gly_2TMS","Gly",66600,"Glycine_(2TMS)_BP_RI:1117_IDENT:A+C","e10222ch",1,250134,66600,"Qstd"
"Gly_2TMS","Gly",66600,"Glycine_(2TMS)_BP_RI:1117_IDENT:A+C","e10223ch",0.01,-99,666,"Qstd"
"Gly_2TMS","Gly",66600,"Glycine_(2TMS)_BP_RI:1117_IDENT:A+C","e10224ch",0.5,164630,33300,"Qstd"
"Gly_2TMS","Gly",66600,"Glycine_(2TMS)_BP_RI:1117_IDENT:A+C","e10224ch",0.2,80917,13320,"Qstd"
"Gly_3TMS","Gly",66600,"Glycine_(3TMS)_MP_RI:1314_IDENT:A+C","e10224ch",0.1,1333353,6660,"Qstd"
"Gly_3TMS","Gly",66600,"Glycine_(3TMS)_MP_RI:1314_IDENT:A+C","e10223ch",0.005,51794,333,"Qstd"
"Gly_3TMS","Gly",66600,"Glycine_(3TMS)_MP_RI:1314_IDENT:A+C","e10224ch",1,10628509,66600,"Qstd"
"Gly_3TMS","Gly",66600,"Glycine_(3TMS)_MP_RI:1314_IDENT:A+C","e10224ch",0.005,91630,333,"Qstd"
"Gly_3TMS","Gly",66600,"Glycine_(3TMS)_MP_RI:1314_IDENT:A+C","e10222ch",1,7554364,66600,"Qstd"
"Gly_3TMS","Gly",66600,"Glycine_(3TMS)_MP_RI:1314_IDENT:A+C","e10222ch",0.1,785731,6660,"Qstd"
"Gly_3TMS","Gly",66600,"Glycine_(3TMS)_MP_RI:1314_IDENT:A+C","e10224ch",0.2,2201535,13320,"Qstd"
"Gly_3TMS","Gly",66600,"Glycine_(3TMS)_MP_RI:1314_IDENT:A+C","e10224ch",0.01,86059,666,"Qstd"
"Gly_3TMS","Gly",66600,"Glycine_(3TMS)_MP_RI:1314_IDENT:A+C","e10223ch",0.02,169866,1332,"Qstd"
"Gly_3TMS","Gly",66600,"Glycine_(3TMS)_MP_RI:1314_IDENT:A+C","e10224ch",0.02,190621,1332,"Qstd"
"Gly_3TMS","Gly",66600,"Glycine_(3TMS)_MP_RI:1314_IDENT:A+C","e10223ch",1,7790381,66600,"Qstd"
"Gly_3TMS","Gly",66600,"Glycine_(3TMS)_MP_RI:1314_IDENT:A+C","e10222ch",0.02,155864,1332,"Qstd"
"Gly_3TMS","Gly",66600,"Glycine_(3TMS)_MP_RI:1314_IDENT:A+C","e10224ch",0.5,4806430,33300,"Qstd"
"Gly_3TMS","Gly",66600,"Glycine_(3TMS)_MP_RI:1314_IDENT:A+C","e10222ch",0.2,1110228,13320,"Qstd"
"Gly_3TMS","Gly",66600,"Glycine_(3TMS)_MP_RI:1314_IDENT:A+C","e10222ch",0.05,359137,3330,"Qstd"
"Gly_3TMS","Gly",66600,"Glycine_(3TMS)_MP_RI:1314_IDENT:A+C","e10222ch",0.01,96841,666,"Qstd"
"Gly_3TMS","Gly",66600,"Glycine_(3TMS)_MP_RI:1314_IDENT:A+C","e10223ch",0.5,3379207,33300,"Qstd"
"Gly_3TMS","Gly",66600,"Glycine_(3TMS)_MP_RI:1314_IDENT:A+C","e10222ch",0.005,54759,333,"Qstd"
"Gly_3TMS","Gly",66600,"Glycine_(3TMS)_MP_RI:1314_IDENT:A+C","e10223ch",0.05,302827,3330,"Qstd"
"Gly_3TMS","Gly",66600,"Glycine_(3TMS)_MP_RI:1314_IDENT:A+C","e10222ch",0.5,3968363,33300,"Qstd"
"Gly_3TMS","Gly",66600,"Glycine_(3TMS)_MP_RI:1314_IDENT:A+C","e10223ch",0.01,82848,666,"Qstd"
"Gly_3TMS","Gly",66600,"Glycine_(3TMS)_MP_RI:1314_IDENT:A+C","e10223ch",0.1,768008,6660,"Qstd"
"Gly_3TMS","Gly",66600,"Glycine_(3TMS)_MP_RI:1314_IDENT:A+C","e10224ch",0.05,447557,3330,"Qstd"
"Gly_3TMS","Gly",66600,"Glycine_(3TMS)_MP_RI:1314_IDENT:A+C","e10223ch",0.2,1383614,13320,"Qstd"
"Glyc","Glyc",65150,"Glycerol_(3TMS)_MP_RI:1280_IDENT:C+D","e10224ch",0.02,240930,1303,"Qstd"
"Glyc","Glyc",65150,"Glycerol_(3TMS)_MP_RI:1280_IDENT:C+D","e10222ch",0.005,164268,325.75,"Qstd"
"Glyc","Glyc",65150,"Glycerol_(3TMS)_MP_RI:1280_IDENT:C+D","e10224ch",0.2,335330,13030,"Qstd"
"Glyc","Glyc",65150,"Glycerol_(3TMS)_MP_RI:1280_IDENT:C+D","e10223ch",0.05,132406,3257.5,"Qstd"
"Glyc","Glyc",65150,"Glycerol_(3TMS)_MP_RI:1280_IDENT:C+D","e10222ch",0.5,344272,32575,"Qstd"
"Glyc","Glyc",65150,"Glycerol_(3TMS)_MP_RI:1280_IDENT:C+D","e10223ch",0.1,314888,6515,"Qstd"
"Glyc","Glyc",65150,"Glycerol_(3TMS)_MP_RI:1280_IDENT:C+D","e10224ch",0.1,346476,6515,"Qstd"
"Glyc","Glyc",65150,"Glycerol_(3TMS)_MP_RI:1280_IDENT:C+D","e10223ch",0.2,201229,13030,"Qstd"
"Glyc","Glyc",65150,"Glycerol_(3TMS)_MP_RI:1280_IDENT:C+D","e10222ch",0.2,204648,13030,"Qstd"
"Glyc","Glyc",65150,"Glycerol_(3TMS)_MP_RI:1280_IDENT:C+D","e10224ch",1,696276,65150,"Qstd"
"Glyc","Glyc",65150,"Glycerol_(3TMS)_MP_RI:1280_IDENT:C+D","e10222ch",0.02,193486,1303,"Qstd"
"Glyc","Glyc",65150,"Glycerol_(3TMS)_MP_RI:1280_IDENT:C+D","e10223ch",0.5,231497,32575,"Qstd"
"Glyc","Glyc",65150,"Glycerol_(3TMS)_MP_RI:1280_IDENT:C+D","e10224ch",0.01,297371,651.5,"Qstd"
"Glyc","Glyc",65150,"Glycerol_(3TMS)_MP_RI:1280_IDENT:C+D","e10223ch",0.01,156996,651.5,"Qstd"
"Glyc","Glyc",65150,"Glycerol_(3TMS)_MP_RI:1280_IDENT:C+D","e10224ch",0.005,282707,325.75,"Qstd"
"Glyc","Glyc",65150,"Glycerol_(3TMS)_MP_RI:1280_IDENT:C+D","e10222ch",1,322373,65150,"Qstd"
"Glyc","Glyc",65150,"Glycerol_(3TMS)_MP_RI:1280_IDENT:C+D","e10223ch",0.005,279182,325.75,"Qstd"
"Glyc","Glyc",65150,"Glycerol_(3TMS)_MP_RI:1280_IDENT:C+D","e10223ch",1,272120,65150,"Qstd"
"Glyc","Glyc",65150,"Glycerol_(3TMS)_MP_RI:1280_IDENT:C+D","e10224ch",0.5,451868,32575,"Qstd"
"Glyc","Glyc",65150,"Glycerol_(3TMS)_MP_RI:1280_IDENT:C+D","e10223ch",0.02,209249,1303,"Qstd"
"Glyc","Glyc",65150,"Glycerol_(3TMS)_MP_RI:1280_IDENT:C+D","e10224ch",0.05,230934,3257.5,"Qstd"
"Glyc","Glyc",65150,"Glycerol_(3TMS)_MP_RI:1280_IDENT:C+D","e10222ch",0.01,205155,651.5,"Qstd"
"Glyc","Glyc",65150,"Glycerol_(3TMS)_MP_RI:1280_IDENT:C+D","e10222ch",0.05,165988,3257.5,"Qstd"
"Glyc","Glyc",65150,"Glycerol_(3TMS)_MP_RI:1280_IDENT:C+D","e10222ch",0.1,198964,6515,"Qstd"
"Glyc3P","Glyc3P",27000,"Glycerol-3-phosphate_(4TMS)_MP_RI:1756_IDENT:B+C","e10224ch",0.02,51545,540,"Qstd"
"Glyc3P","Glyc3P",27000,"Glycerol-3-phosphate_(4TMS)_MP_RI:1756_IDENT:B+C","e10224ch",0.05,47834,1350,"Qstd"
"Glyc3P","Glyc3P",27000,"Glycerol-3-phosphate_(4TMS)_MP_RI:1756_IDENT:B+C","e10224ch",0.5,87688,13500,"Qstd"
"Glyc3P","Glyc3P",27000,"Glycerol-3-phosphate_(4TMS)_MP_RI:1756_IDENT:B+C","e10224ch",1,92057,27000,"Qstd"
"Glyc3P","Glyc3P",27000,"Glycerol-3-phosphate_(4TMS)_MP_RI:1756_IDENT:B+C","e10224ch",0.01,32255,270,"Qstd"
"Glyc3P","Glyc3P",27000,"Glycerol-3-phosphate_(4TMS)_MP_RI:1756_IDENT:B+C","e10224ch",0.2,57752,5400,"Qstd"
"Glyc3P","Glyc3P",27000,"Glycerol-3-phosphate_(4TMS)_MP_RI:1756_IDENT:B+C","e10224ch",0.005,39963,135,"Qstd"
"Glyc3P","Glyc3P",27000,"Glycerol-3-phosphate_(4TMS)_MP_RI:1756_IDENT:B+C","e10224ch",0.1,54969,2700,"Qstd"
"GlycAcid","GlycAcid",15990,"Glyceric acid_(3TMS)_MP_RI:1342_IDENT:A+B","e10222ch",0.1,-99,1599,"Qstd"
"GlycAcid","GlycAcid",15990,"Glyceric acid_(3TMS)_MP_RI:1342_IDENT:A+B","e10222ch",0.005,-99,79.95,"Qstd"
"GlycAcid","GlycAcid",15990,"Glyceric acid_(3TMS)_MP_RI:1342_IDENT:A+B","e10222ch",0.5,56827,7995,"Qstd"
"GlycAcid","GlycAcid",15990,"Glyceric acid_(3TMS)_MP_RI:1342_IDENT:A+B","e10224ch",0.01,-99,159.9,"Qstd"
"GlycAcid","GlycAcid",15990,"Glyceric acid_(3TMS)_MP_RI:1342_IDENT:A+B","e10222ch",0.02,-99,319.8,"Qstd"
"GlycAcid","GlycAcid",15990,"Glyceric acid_(3TMS)_MP_RI:1342_IDENT:A+B","e10223ch",0.005,-99,79.95,"Qstd"
"GlycAcid","GlycAcid",15990,"Glyceric acid_(3TMS)_MP_RI:1342_IDENT:A+B","e10222ch",0.01,-99,159.9,"Qstd"
"GlycAcid","GlycAcid",15990,"Glyceric acid_(3TMS)_MP_RI:1342_IDENT:A+B","e10223ch",0.05,44414,799.5,"Qstd"
"GlycAcid","GlycAcid",15990,"Glyceric acid_(3TMS)_MP_RI:1342_IDENT:A+B","e10224ch",0.1,31190,1599,"Qstd"
"GlycAcid","GlycAcid",15990,"Glyceric acid_(3TMS)_MP_RI:1342_IDENT:A+B","e10223ch",0.2,34846,3198,"Qstd"
"GlycAcid","GlycAcid",15990,"Glyceric acid_(3TMS)_MP_RI:1342_IDENT:A+B","e10222ch",1,112563,15990,"Qstd"
"GlycAcid","GlycAcid",15990,"Glyceric acid_(3TMS)_MP_RI:1342_IDENT:A+B","e10223ch",0.5,48708,7995,"Qstd"
"GlycAcid","GlycAcid",15990,"Glyceric acid_(3TMS)_MP_RI:1342_IDENT:A+B","e10224ch",0.05,49208,799.5,"Qstd"
"GlycAcid","GlycAcid",15990,"Glyceric acid_(3TMS)_MP_RI:1342_IDENT:A+B","e10223ch",1,117438,15990,"Qstd"
"GlycAcid","GlycAcid",15990,"Glyceric acid_(3TMS)_MP_RI:1342_IDENT:A+B","e10223ch",0.1,-99,1599,"Qstd"
"GlycAcid","GlycAcid",15990,"Glyceric acid_(3TMS)_MP_RI:1342_IDENT:A+B","e10224ch",0.005,-99,79.95,"Qstd"
"GlycAcid","GlycAcid",15990,"Glyceric acid_(3TMS)_MP_RI:1342_IDENT:A+B","e10223ch",0.01,-99,159.9,"Qstd"
"GlycAcid","GlycAcid",15990,"Glyceric acid_(3TMS)_MP_RI:1342_IDENT:A+B","e10224ch",0.5,119592,7995,"Qstd"
"GlycAcid","GlycAcid",15990,"Glyceric acid_(3TMS)_MP_RI:1342_IDENT:A+B","e10222ch",0.05,30923,799.5,"Qstd"
"GlycAcid","GlycAcid",15990,"Glyceric acid_(3TMS)_MP_RI:1342_IDENT:A+B","e10222ch",0.2,34297,3198,"Qstd"
"GlycAcid","GlycAcid",15990,"Glyceric acid_(3TMS)_MP_RI:1342_IDENT:A+B","e10223ch",0.02,-99,319.8,"Qstd"
"GlycAcid","GlycAcid",15990,"Glyceric acid_(3TMS)_MP_RI:1342_IDENT:A+B","e10224ch",0.02,-99,319.8,"Qstd"
"GlycAcid","GlycAcid",15990,"Glyceric acid_(3TMS)_MP_RI:1342_IDENT:A+B","e10224ch",0.2,87284,3198,"Qstd"
"GlycAcid","GlycAcid",15990,"Glyceric acid_(3TMS)_MP_RI:1342_IDENT:A+B","e10224ch",1,150671,15990,"Qstd"
"Hypotaurine","Hypotaurine",18320,"Hypotaurine_(3TMS)_MP_RI:1597_IDENT:A+C","e10222ch",0.05,181759,916,"Qstd"
"Hypotaurine","Hypotaurine",18320,"Hypotaurine_(3TMS)_MP_RI:1597_IDENT:A+C","e10223ch",1,4134797,18320,"Qstd"
"Hypotaurine","Hypotaurine",18320,"Hypotaurine_(3TMS)_MP_RI:1597_IDENT:A+C","e10223ch",0.2,972694,3664,"Qstd"
"Hypotaurine","Hypotaurine",18320,"Hypotaurine_(3TMS)_MP_RI:1597_IDENT:A+C","e10224ch",1,4692283,18320,"Qstd"
"Hypotaurine","Hypotaurine",18320,"Hypotaurine_(3TMS)_MP_RI:1597_IDENT:A+C","e10223ch",0.05,239218,916,"Qstd"
"Hypotaurine","Hypotaurine",18320,"Hypotaurine_(3TMS)_MP_RI:1597_IDENT:A+C","e10222ch",0.01,47235,183.2,"Qstd"
"Hypotaurine","Hypotaurine",18320,"Hypotaurine_(3TMS)_MP_RI:1597_IDENT:A+C","e10224ch",0.2,1112907,3664,"Qstd"
"Hypotaurine","Hypotaurine",18320,"Hypotaurine_(3TMS)_MP_RI:1597_IDENT:A+C","e10222ch",0.02,66421,366.4,"Qstd"
"Hypotaurine","Hypotaurine",18320,"Hypotaurine_(3TMS)_MP_RI:1597_IDENT:A+C","e10224ch",0.05,242440,916,"Qstd"
"Hypotaurine","Hypotaurine",18320,"Hypotaurine_(3TMS)_MP_RI:1597_IDENT:A+C","e10223ch",0.01,60667,183.2,"Qstd"
"Hypotaurine","Hypotaurine",18320,"Hypotaurine_(3TMS)_MP_RI:1597_IDENT:A+C","e10223ch",0.5,1922364,9160,"Qstd"
"Hypotaurine","Hypotaurine",18320,"Hypotaurine_(3TMS)_MP_RI:1597_IDENT:A+C","e10222ch",0.2,547257,3664,"Qstd"
"Hypotaurine","Hypotaurine",18320,"Hypotaurine_(3TMS)_MP_RI:1597_IDENT:A+C","e10222ch",0.005,-99,91.6,"Qstd"
"Hypotaurine","Hypotaurine",18320,"Hypotaurine_(3TMS)_MP_RI:1597_IDENT:A+C","e10223ch",0.02,111968,366.4,"Qstd"
"Hypotaurine","Hypotaurine",18320,"Hypotaurine_(3TMS)_MP_RI:1597_IDENT:A+C","e10224ch",0.005,44673,91.6,"Qstd"
"Hypotaurine","Hypotaurine",18320,"Hypotaurine_(3TMS)_MP_RI:1597_IDENT:A+C","e10224ch",0.02,84483,366.4,"Qstd"
"Hypotaurine","Hypotaurine",18320,"Hypotaurine_(3TMS)_MP_RI:1597_IDENT:A+C","e10223ch",0.1,533624,1832,"Qstd"
"Hypotaurine","Hypotaurine",18320,"Hypotaurine_(3TMS)_MP_RI:1597_IDENT:A+C","e10222ch",1,3475828,18320,"Qstd"
"Hypotaurine","Hypotaurine",18320,"Hypotaurine_(3TMS)_MP_RI:1597_IDENT:A+C","e10222ch",0.1,406578,1832,"Qstd"
"Hypotaurine","Hypotaurine",18320,"Hypotaurine_(3TMS)_MP_RI:1597_IDENT:A+C","e10224ch",0.5,2187201,9160,"Qstd"
"Hypotaurine","Hypotaurine",18320,"Hypotaurine_(3TMS)_MP_RI:1597_IDENT:A+C","e10223ch",0.005,39433,91.6,"Qstd"
"Hypotaurine","Hypotaurine",18320,"Hypotaurine_(3TMS)_MP_RI:1597_IDENT:A+C","e10222ch",0.5,1776901,9160,"Qstd"
"Hypotaurine","Hypotaurine",18320,"Hypotaurine_(3TMS)_MP_RI:1597_IDENT:A+C","e10224ch",0.01,45748,183.2,"Qstd"
"Hypotaurine","Hypotaurine",18320,"Hypotaurine_(3TMS)_MP_RI:1597_IDENT:A+C","e10224ch",0.1,531760,1832,"Qstd"
"Inositol_myo","myo-Ino",55510,"Inositol_ myo-_(6TMS)_MP_RI:2088_IDENT:C+D","e10224ch",0.1,-99,5551,"Qstd"
"Inositol_myo","myo-Ino",55510,"Inositol_ myo-_(6TMS)_MP_RI:2088_IDENT:C+D","e10224ch",0.01,-99,555.1,"Qstd"
"Inositol_myo","myo-Ino",55510,"Inositol_ myo-_(6TMS)_MP_RI:2088_IDENT:C+D","e10224ch",0.5,41263,27755,"Qstd"
"Inositol_myo","myo-Ino",55510,"Inositol_ myo-_(6TMS)_MP_RI:2088_IDENT:C+D","e10224ch",0.005,-99,277.55,"Qstd"
"Inositol_myo","myo-Ino",55510,"Inositol_ myo-_(6TMS)_MP_RI:2088_IDENT:C+D","e10224ch",0.2,32978,11102,"Qstd"
"Inositol_myo","myo-Ino",55510,"Inositol_ myo-_(6TMS)_MP_RI:2088_IDENT:C+D","e10224ch",0.02,-99,1110.2,"Qstd"
"Inositol_myo","myo-Ino",55510,"Inositol_ myo-_(6TMS)_MP_RI:2088_IDENT:C+D","e10224ch",0.05,-99,2775.5,"Qstd"
"Inositol_myo","myo-Ino",55510,"Inositol_ myo-_(6TMS)_MP_RI:2088_IDENT:C+D","e10224ch",1,139109,55510,"Qstd"
"Iso_1TMS","Iso",38120,"Isoleucine_(1TMS)_BP_RI:1174_IDENT:A+D","e10222ch",1,44746,38120,"Qstd"
"Iso_1TMS","Iso",38120,"Isoleucine_(1TMS)_BP_RI:1174_IDENT:A+D","e10222ch",0.2,38880,7624,"Qstd"
"Iso_1TMS","Iso",38120,"Isoleucine_(1TMS)_BP_RI:1174_IDENT:A+D","e10222ch",0.01,-99,381.2,"Qstd"
"Iso_1TMS","Iso",38120,"Isoleucine_(1TMS)_BP_RI:1174_IDENT:A+D","e10224ch",0.1,38539,3812,"Qstd"
"Iso_1TMS","Iso",38120,"Isoleucine_(1TMS)_BP_RI:1174_IDENT:A+D","e10224ch",0.02,-99,762.4,"Qstd"
"Iso_1TMS","Iso",38120,"Isoleucine_(1TMS)_BP_RI:1174_IDENT:A+D","e10224ch",0.01,-99,381.2,"Qstd"
"Iso_1TMS","Iso",38120,"Isoleucine_(1TMS)_BP_RI:1174_IDENT:A+D","e10224ch",0.05,53262,1906,"Qstd"
"Iso_1TMS","Iso",38120,"Isoleucine_(1TMS)_BP_RI:1174_IDENT:A+D","e10222ch",0.005,-99,190.6,"Qstd"
"Iso_1TMS","Iso",38120,"Isoleucine_(1TMS)_BP_RI:1174_IDENT:A+D","e10224ch",0.5,50760,19060,"Qstd"
"Iso_1TMS","Iso",38120,"Isoleucine_(1TMS)_BP_RI:1174_IDENT:A+D","e10224ch",1,58277,38120,"Qstd"
"Iso_1TMS","Iso",38120,"Isoleucine_(1TMS)_BP_RI:1174_IDENT:A+D","e10224ch",0.005,-99,190.6,"Qstd"
"Iso_1TMS","Iso",38120,"Isoleucine_(1TMS)_BP_RI:1174_IDENT:A+D","e10222ch",0.05,-99,1906,"Qstd"
"Iso_1TMS","Iso",38120,"Isoleucine_(1TMS)_BP_RI:1174_IDENT:A+D","e10222ch",0.5,23179,19060,"Qstd"
"Iso_1TMS","Iso",38120,"Isoleucine_(1TMS)_BP_RI:1174_IDENT:A+D","e10224ch",0.2,67288,7624,"Qstd"
"Iso_1TMS","Iso",38120,"Isoleucine_(1TMS)_BP_RI:1174_IDENT:A+D","e10222ch",0.1,32149,3812,"Qstd"
"Iso_1TMS","Iso",38120,"Isoleucine_(1TMS)_BP_RI:1174_IDENT:A+D","e10222ch",0.02,-99,762.4,"Qstd"
"Lac","Lac",446190,"Lactic acid_(2TMS)_MP_RI:1055_IDENT:B+C","e10223ch",0.05,532197,22309.5,"Qstd"
"Lac","Lac",446190,"Lactic acid_(2TMS)_MP_RI:1055_IDENT:B+C","e10222ch",0.5,2307324,223095,"Qstd"
"Lac","Lac",446190,"Lactic acid_(2TMS)_MP_RI:1055_IDENT:B+C","e10223ch",0.5,1771481,223095,"Qstd"
"Lac","Lac",446190,"Lactic acid_(2TMS)_MP_RI:1055_IDENT:B+C","e10223ch",0.2,1161567,89238,"Qstd"
"Lac","Lac",446190,"Lactic acid_(2TMS)_MP_RI:1055_IDENT:B+C","e10224ch",0.01,943711,4461.9,"Qstd"
"Lac","Lac",446190,"Lactic acid_(2TMS)_MP_RI:1055_IDENT:B+C","e10224ch",1,4512789,446190,"Qstd"
"Lac","Lac",446190,"Lactic acid_(2TMS)_MP_RI:1055_IDENT:B+C","e10224ch",0.05,817493,22309.5,"Qstd"
"Lac","Lac",446190,"Lactic acid_(2TMS)_MP_RI:1055_IDENT:B+C","e10224ch",0.1,987258,44619,"Qstd"
"Lac","Lac",446190,"Lactic acid_(2TMS)_MP_RI:1055_IDENT:B+C","e10223ch",1,3332316,446190,"Qstd"
"Lac","Lac",446190,"Lactic acid_(2TMS)_MP_RI:1055_IDENT:B+C","e10222ch",0.1,969357,44619,"Qstd"
"Lac","Lac",446190,"Lactic acid_(2TMS)_MP_RI:1055_IDENT:B+C","e10222ch",0.2,889332,89238,"Qstd"
"Lac","Lac",446190,"Lactic acid_(2TMS)_MP_RI:1055_IDENT:B+C","e10224ch",0.2,1817389,89238,"Qstd"
"Lac","Lac",446190,"Lactic acid_(2TMS)_MP_RI:1055_IDENT:B+C","e10222ch",0.005,555718,2230.95,"Qstd"
"Lac","Lac",446190,"Lactic acid_(2TMS)_MP_RI:1055_IDENT:B+C","e10224ch",0.5,2381052,223095,"Qstd"
"Lac","Lac",446190,"Lactic acid_(2TMS)_MP_RI:1055_IDENT:B+C","e10224ch",0.02,694792,8923.8,"Qstd"
"Lac","Lac",446190,"Lactic acid_(2TMS)_MP_RI:1055_IDENT:B+C","e10222ch",0.01,788329,4461.9,"Qstd"
"Lac","Lac",446190,"Lactic acid_(2TMS)_MP_RI:1055_IDENT:B+C","e10224ch",0.005,856086,2230.95,"Qstd"
"Lac","Lac",446190,"Lactic acid_(2TMS)_MP_RI:1055_IDENT:B+C","e10222ch",1,3115146,446190,"Qstd"
"Lac","Lac",446190,"Lactic acid_(2TMS)_MP_RI:1055_IDENT:B+C","e10223ch",0.02,901925,8923.8,"Qstd"
"Lac","Lac",446190,"Lactic acid_(2TMS)_MP_RI:1055_IDENT:B+C","e10222ch",0.05,814113,22309.5,"Qstd"
"Lac","Lac",446190,"Lactic acid_(2TMS)_MP_RI:1055_IDENT:B+C","e10223ch",0.005,935035,2230.95,"Qstd"
"Lac","Lac",446190,"Lactic acid_(2TMS)_MP_RI:1055_IDENT:B+C","e10223ch",0.01,615823,4461.9,"Qstd"
"Lac","Lac",446190,"Lactic acid_(2TMS)_MP_RI:1055_IDENT:B+C","e10223ch",0.1,835813,44619,"Qstd"
"Lac","Lac",446190,"Lactic acid_(2TMS)_MP_RI:1055_IDENT:B+C","e10222ch",0.02,841087,8923.8,"Qstd"
"Leu_1TMS","Leu",91480,"Leucine_(1TMS)_BP_RI:1153_IDENT:B+C","e10224ch",1,1507304,91480,"Qstd"
"Leu_1TMS","Leu",91480,"Leucine_(1TMS)_BP_RI:1153_IDENT:B+C","e10222ch",0.005,-99,457.4,"Qstd"
"Leu_1TMS","Leu",91480,"Leucine_(1TMS)_BP_RI:1153_IDENT:B+C","e10223ch",1,1093242,91480,"Qstd"
"Leu_1TMS","Leu",91480,"Leucine_(1TMS)_BP_RI:1153_IDENT:B+C","e10222ch",0.2,139919,18296,"Qstd"
"Leu_1TMS","Leu",91480,"Leucine_(1TMS)_BP_RI:1153_IDENT:B+C","e10222ch",0.05,51562,4574,"Qstd"
"Leu_1TMS","Leu",91480,"Leucine_(1TMS)_BP_RI:1153_IDENT:B+C","e10223ch",0.005,-99,457.4,"Qstd"
"Leu_1TMS","Leu",91480,"Leucine_(1TMS)_BP_RI:1153_IDENT:B+C","e10224ch",0.01,-99,914.8,"Qstd"
"Leu_1TMS","Leu",91480,"Leucine_(1TMS)_BP_RI:1153_IDENT:B+C","e10224ch",0.2,411785,18296,"Qstd"
"Leu_1TMS","Leu",91480,"Leucine_(1TMS)_BP_RI:1153_IDENT:B+C","e10223ch",0.01,-99,914.8,"Qstd"
"Leu_1TMS","Leu",91480,"Leucine_(1TMS)_BP_RI:1153_IDENT:B+C","e10223ch",0.02,30280,1829.6,"Qstd"
"Leu_1TMS","Leu",91480,"Leucine_(1TMS)_BP_RI:1153_IDENT:B+C","e10223ch",0.2,252617,18296,"Qstd"
"Leu_1TMS","Leu",91480,"Leucine_(1TMS)_BP_RI:1153_IDENT:B+C","e10222ch",0.02,-99,1829.6,"Qstd"
"Leu_1TMS","Leu",91480,"Leucine_(1TMS)_BP_RI:1153_IDENT:B+C","e10223ch",0.1,106485,9148,"Qstd"
"Leu_1TMS","Leu",91480,"Leucine_(1TMS)_BP_RI:1153_IDENT:B+C","e10223ch",0.05,67602,4574,"Qstd"
"Leu_1TMS","Leu",91480,"Leucine_(1TMS)_BP_RI:1153_IDENT:B+C","e10222ch",1,876545,91480,"Qstd"
"Leu_1TMS","Leu",91480,"Leucine_(1TMS)_BP_RI:1153_IDENT:B+C","e10223ch",0.5,497646,45740,"Qstd"
"Leu_1TMS","Leu",91480,"Leucine_(1TMS)_BP_RI:1153_IDENT:B+C","e10224ch",0.1,188521,9148,"Qstd"
"Leu_1TMS","Leu",91480,"Leucine_(1TMS)_BP_RI:1153_IDENT:B+C","e10224ch",0.05,81940,4574,"Qstd"
"Leu_1TMS","Leu",91480,"Leucine_(1TMS)_BP_RI:1153_IDENT:B+C","e10224ch",0.005,-99,457.4,"Qstd"
"Leu_1TMS","Leu",91480,"Leucine_(1TMS)_BP_RI:1153_IDENT:B+C","e10222ch",0.01,-99,914.8,"Qstd"
"Leu_1TMS","Leu",91480,"Leucine_(1TMS)_BP_RI:1153_IDENT:B+C","e10222ch",0.5,473667,45740,"Qstd"
"Leu_1TMS","Leu",91480,"Leucine_(1TMS)_BP_RI:1153_IDENT:B+C","e10224ch",0.02,48188,1829.6,"Qstd"
"Leu_1TMS","Leu",91480,"Leucine_(1TMS)_BP_RI:1153_IDENT:B+C","e10222ch",0.1,100767,9148,"Qstd"
"Leu_1TMS","Leu",91480,"Leucine_(1TMS)_BP_RI:1153_IDENT:B+C","e10224ch",0.5,732140,45740,"Qstd"
"Leu_2TMS","Leu",91480,"Leucine_(2TMS)_MP_RI:1277_IDENT:B+C","e10222ch",0.005,-99,457.4,"Qstd"
"Leu_2TMS","Leu",91480,"Leucine_(2TMS)_MP_RI:1277_IDENT:B+C","e10223ch",0.02,199029,1829.6,"Qstd"
"Leu_2TMS","Leu",91480,"Leucine_(2TMS)_MP_RI:1277_IDENT:B+C","e10222ch",0.5,973221,45740,"Qstd"
"Leu_2TMS","Leu",91480,"Leucine_(2TMS)_MP_RI:1277_IDENT:B+C","e10223ch",0.01,-99,914.8,"Qstd"
"Leu_2TMS","Leu",91480,"Leucine_(2TMS)_MP_RI:1277_IDENT:B+C","e10224ch",0.005,-99,457.4,"Qstd"
"Leu_2TMS","Leu",91480,"Leucine_(2TMS)_MP_RI:1277_IDENT:B+C","e10223ch",0.005,-99,457.4,"Qstd"
"Leu_2TMS","Leu",91480,"Leucine_(2TMS)_MP_RI:1277_IDENT:B+C","e10224ch",0.02,144910,1829.6,"Qstd"
"Leu_2TMS","Leu",91480,"Leucine_(2TMS)_MP_RI:1277_IDENT:B+C","e10222ch",0.1,212556,9148,"Qstd"
"Leu_2TMS","Leu",91480,"Leucine_(2TMS)_MP_RI:1277_IDENT:B+C","e10223ch",0.1,208191,9148,"Qstd"
"Leu_2TMS","Leu",91480,"Leucine_(2TMS)_MP_RI:1277_IDENT:B+C","e10224ch",1,1891762,91480,"Qstd"
"Leu_2TMS","Leu",91480,"Leucine_(2TMS)_MP_RI:1277_IDENT:B+C","e10224ch",0.2,354594,18296,"Qstd"
"Leu_2TMS","Leu",91480,"Leucine_(2TMS)_MP_RI:1277_IDENT:B+C","e10224ch",0.1,245506,9148,"Qstd"
"Leu_2TMS","Leu",91480,"Leucine_(2TMS)_MP_RI:1277_IDENT:B+C","e10224ch",0.05,159888,4574,"Qstd"
"Leu_2TMS","Leu",91480,"Leucine_(2TMS)_MP_RI:1277_IDENT:B+C","e10222ch",0.05,221820,4574,"Qstd"
"Leu_2TMS","Leu",91480,"Leucine_(2TMS)_MP_RI:1277_IDENT:B+C","e10223ch",0.2,310905,18296,"Qstd"
"Leu_2TMS","Leu",91480,"Leucine_(2TMS)_MP_RI:1277_IDENT:B+C","e10222ch",1,1679141,91480,"Qstd"
"Leu_2TMS","Leu",91480,"Leucine_(2TMS)_MP_RI:1277_IDENT:B+C","e10224ch",0.01,222849,914.8,"Qstd"
"Leu_2TMS","Leu",91480,"Leucine_(2TMS)_MP_RI:1277_IDENT:B+C","e10222ch",0.01,-99,914.8,"Qstd"
"Leu_2TMS","Leu",91480,"Leucine_(2TMS)_MP_RI:1277_IDENT:B+C","e10223ch",1,1573479,91480,"Qstd"
"Leu_2TMS","Leu",91480,"Leucine_(2TMS)_MP_RI:1277_IDENT:B+C","e10223ch",0.05,202264,4574,"Qstd"
"Leu_2TMS","Leu",91480,"Leucine_(2TMS)_MP_RI:1277_IDENT:B+C","e10222ch",0.02,157547,1829.6,"Qstd"
"Leu_2TMS","Leu",91480,"Leucine_(2TMS)_MP_RI:1277_IDENT:B+C","e10224ch",0.5,881943,45740,"Qstd"
"Leu_2TMS","Leu",91480,"Leucine_(2TMS)_MP_RI:1277_IDENT:B+C","e10223ch",0.5,692904,45740,"Qstd"
"Leu_2TMS","Leu",91480,"Leucine_(2TMS)_MP_RI:1277_IDENT:B+C","e10222ch",0.2,293514,18296,"Qstd"
"Lys_3TMS","Lys",20530,"Lysine_(3TMS)_BP_RI:1849_IDENT:A+C","e10224ch",1,1951981,20530,"Qstd"
"Lys_3TMS","Lys",20530,"Lysine_(3TMS)_BP_RI:1849_IDENT:A+C","e10224ch",0.02,37657,410.6,"Qstd"
"Lys_3TMS","Lys",20530,"Lysine_(3TMS)_BP_RI:1849_IDENT:A+C","e10223ch",0.5,779273,10265,"Qstd"
"Lys_3TMS","Lys",20530,"Lysine_(3TMS)_BP_RI:1849_IDENT:A+C","e10223ch",0.1,179186,2053,"Qstd"
"Lys_3TMS","Lys",20530,"Lysine_(3TMS)_BP_RI:1849_IDENT:A+C","e10223ch",0.01,30765,205.3,"Qstd"
"Lys_3TMS","Lys",20530,"Lysine_(3TMS)_BP_RI:1849_IDENT:A+C","e10222ch",0.5,711932,10265,"Qstd"
"Lys_3TMS","Lys",20530,"Lysine_(3TMS)_BP_RI:1849_IDENT:A+C","e10224ch",0.2,483525,4106,"Qstd"
"Lys_3TMS","Lys",20530,"Lysine_(3TMS)_BP_RI:1849_IDENT:A+C","e10224ch",0.05,107799,1026.5,"Qstd"
"Lys_3TMS","Lys",20530,"Lysine_(3TMS)_BP_RI:1849_IDENT:A+C","e10224ch",0.5,966930,10265,"Qstd"
"Lys_3TMS","Lys",20530,"Lysine_(3TMS)_BP_RI:1849_IDENT:A+C","e10223ch",0.005,-99,102.65,"Qstd"
"Lys_3TMS","Lys",20530,"Lysine_(3TMS)_BP_RI:1849_IDENT:A+C","e10223ch",0.05,78990,1026.5,"Qstd"
"Lys_3TMS","Lys",20530,"Lysine_(3TMS)_BP_RI:1849_IDENT:A+C","e10223ch",1,1719759,20530,"Qstd"
"Lys_3TMS","Lys",20530,"Lysine_(3TMS)_BP_RI:1849_IDENT:A+C","e10223ch",0.2,344414,4106,"Qstd"
"Lys_3TMS","Lys",20530,"Lysine_(3TMS)_BP_RI:1849_IDENT:A+C","e10222ch",0.02,33763,410.6,"Qstd"
"Lys_3TMS","Lys",20530,"Lysine_(3TMS)_BP_RI:1849_IDENT:A+C","e10222ch",0.2,221501,4106,"Qstd"
"Lys_3TMS","Lys",20530,"Lysine_(3TMS)_BP_RI:1849_IDENT:A+C","e10222ch",0.1,144674,2053,"Qstd"
"Lys_3TMS","Lys",20530,"Lysine_(3TMS)_BP_RI:1849_IDENT:A+C","e10224ch",0.1,214496,2053,"Qstd"
"Lys_3TMS","Lys",20530,"Lysine_(3TMS)_BP_RI:1849_IDENT:A+C","e10222ch",1,1368099,20530,"Qstd"
"Lys_3TMS","Lys",20530,"Lysine_(3TMS)_BP_RI:1849_IDENT:A+C","e10222ch",0.05,75204,1026.5,"Qstd"
"Lys_3TMS","Lys",20530,"Lysine_(3TMS)_BP_RI:1849_IDENT:A+C","e10224ch",0.005,-99,102.65,"Qstd"
"Lys_3TMS","Lys",20530,"Lysine_(3TMS)_BP_RI:1849_IDENT:A+C","e10222ch",0.005,-99,102.65,"Qstd"
"Lys_3TMS","Lys",20530,"Lysine_(3TMS)_BP_RI:1849_IDENT:A+C","e10222ch",0.01,20467,205.3,"Qstd"
"Lys_3TMS","Lys",20530,"Lysine_(3TMS)_BP_RI:1849_IDENT:A+C","e10223ch",0.02,68721,410.6,"Qstd"
"Lys_3TMS","Lys",20530,"Lysine_(3TMS)_BP_RI:1849_IDENT:A+C","e10224ch",0.01,51185,205.3,"Qstd"
"Lys_4TMS","Lys",20530,"Lysine_(4TMS)_MP_RI:1915_IDENT:A+C","e10223ch",0.1,-99,2053,"Qstd"
"Lys_4TMS","Lys",20530,"Lysine_(4TMS)_MP_RI:1915_IDENT:A+C","e10223ch",0.01,-99,205.3,"Qstd"
"Lys_4TMS","Lys",20530,"Lysine_(4TMS)_MP_RI:1915_IDENT:A+C","e10223ch",1,630171,20530,"Qstd"
"Lys_4TMS","Lys",20530,"Lysine_(4TMS)_MP_RI:1915_IDENT:A+C","e10223ch",0.5,184979,10265,"Qstd"
"Lys_4TMS","Lys",20530,"Lysine_(4TMS)_MP_RI:1915_IDENT:A+C","e10223ch",0.02,-99,410.6,"Qstd"
"Lys_4TMS","Lys",20530,"Lysine_(4TMS)_MP_RI:1915_IDENT:A+C","e10223ch",0.2,73394,4106,"Qstd"
"Lys_4TMS","Lys",20530,"Lysine_(4TMS)_MP_RI:1915_IDENT:A+C","e10223ch",0.05,-99,1026.5,"Qstd"
"Lys_4TMS","Lys",20530,"Lysine_(4TMS)_MP_RI:1915_IDENT:A+C","e10223ch",0.005,-99,102.65,"Qstd"
"Mal","Mal",44750,"Malic acid_(3TMS)_MP_RI:1487_IDENT:B+D","e10224ch",1,1507825,44750,"Qstd"
"Mal","Mal",44750,"Malic acid_(3TMS)_MP_RI:1487_IDENT:B+D","e10223ch",0.05,-99,2237.5,"Qstd"
"Mal","Mal",44750,"Malic acid_(3TMS)_MP_RI:1487_IDENT:B+D","e10222ch",0.005,-99,223.75,"Qstd"
"Mal","Mal",44750,"Malic acid_(3TMS)_MP_RI:1487_IDENT:B+D","e10223ch",0.2,58064,8950,"Qstd"
"Mal","Mal",44750,"Malic acid_(3TMS)_MP_RI:1487_IDENT:B+D","e10222ch",1,1100113,44750,"Qstd"
"Mal","Mal",44750,"Malic acid_(3TMS)_MP_RI:1487_IDENT:B+D","e10224ch",0.05,51033,2237.5,"Qstd"
"Mal","Mal",44750,"Malic acid_(3TMS)_MP_RI:1487_IDENT:B+D","e10223ch",0.1,15372,4475,"Qstd"
"Mal","Mal",44750,"Malic acid_(3TMS)_MP_RI:1487_IDENT:B+D","e10222ch",0.05,-99,2237.5,"Qstd"
"Mal","Mal",44750,"Malic acid_(3TMS)_MP_RI:1487_IDENT:B+D","e10223ch",0.005,-99,223.75,"Qstd"
"Mal","Mal",44750,"Malic acid_(3TMS)_MP_RI:1487_IDENT:B+D","e10224ch",0.01,-99,447.5,"Qstd"
"Mal","Mal",44750,"Malic acid_(3TMS)_MP_RI:1487_IDENT:B+D","e10222ch",0.5,528972,22375,"Qstd"
"Mal","Mal",44750,"Malic acid_(3TMS)_MP_RI:1487_IDENT:B+D","e10224ch",0.1,87213,4475,"Qstd"
"Mal","Mal",44750,"Malic acid_(3TMS)_MP_RI:1487_IDENT:B+D","e10222ch",0.2,33184,8950,"Qstd"
"Mal","Mal",44750,"Malic acid_(3TMS)_MP_RI:1487_IDENT:B+D","e10224ch",0.5,642561,22375,"Qstd"
"Mal","Mal",44750,"Malic acid_(3TMS)_MP_RI:1487_IDENT:B+D","e10223ch",1,1142668,44750,"Qstd"
"Mal","Mal",44750,"Malic acid_(3TMS)_MP_RI:1487_IDENT:B+D","e10222ch",0.1,29355,4475,"Qstd"
"Mal","Mal",44750,"Malic acid_(3TMS)_MP_RI:1487_IDENT:B+D","e10224ch",0.005,9820,223.75,"Qstd"
"Mal","Mal",44750,"Malic acid_(3TMS)_MP_RI:1487_IDENT:B+D","e10222ch",0.02,-99,895,"Qstd"
"Mal","Mal",44750,"Malic acid_(3TMS)_MP_RI:1487_IDENT:B+D","e10223ch",0.5,341852,22375,"Qstd"
"Mal","Mal",44750,"Malic acid_(3TMS)_MP_RI:1487_IDENT:B+D","e10222ch",0.01,-99,447.5,"Qstd"
"Mal","Mal",44750,"Malic acid_(3TMS)_MP_RI:1487_IDENT:B+D","e10224ch",0.2,195145,8950,"Qstd"
"Mal","Mal",44750,"Malic acid_(3TMS)_MP_RI:1487_IDENT:B+D","e10224ch",0.02,-99,895,"Qstd"
"Mal","Mal",44750,"Malic acid_(3TMS)_MP_RI:1487_IDENT:B+D","e10223ch",0.02,-99,895,"Qstd"
"Mal","Mal",44750,"Malic acid_(3TMS)_MP_RI:1487_IDENT:B+D","e10223ch",0.01,-99,447.5,"Qstd"
"Met_1TMS","Met",6700,"Methionine_(1TMS)_BP_RI:1422_IDENT:C+D","e10222ch",1,458790,6700,"Qstd"
"Met_1TMS","Met",6700,"Methionine_(1TMS)_BP_RI:1422_IDENT:C+D","e10224ch",0.01,-99,67,"Qstd"
"Met_1TMS","Met",6700,"Methionine_(1TMS)_BP_RI:1422_IDENT:C+D","e10222ch",0.02,35521,134,"Qstd"
"Met_1TMS","Met",6700,"Methionine_(1TMS)_BP_RI:1422_IDENT:C+D","e10222ch",0.01,-99,67,"Qstd"
"Met_1TMS","Met",6700,"Methionine_(1TMS)_BP_RI:1422_IDENT:C+D","e10223ch",0.01,-99,67,"Qstd"
"Met_1TMS","Met",6700,"Methionine_(1TMS)_BP_RI:1422_IDENT:C+D","e10224ch",0.1,202783,670,"Qstd"
"Met_1TMS","Met",6700,"Methionine_(1TMS)_BP_RI:1422_IDENT:C+D","e10223ch",0.05,55328,335,"Qstd"
"Met_1TMS","Met",6700,"Methionine_(1TMS)_BP_RI:1422_IDENT:C+D","e10222ch",0.1,120532,670,"Qstd"
"Met_1TMS","Met",6700,"Methionine_(1TMS)_BP_RI:1422_IDENT:C+D","e10224ch",0.05,78914,335,"Qstd"
"Met_1TMS","Met",6700,"Methionine_(1TMS)_BP_RI:1422_IDENT:C+D","e10223ch",1,511472,6700,"Qstd"
"Met_1TMS","Met",6700,"Methionine_(1TMS)_BP_RI:1422_IDENT:C+D","e10223ch",0.2,260703,1340,"Qstd"
"Met_1TMS","Met",6700,"Methionine_(1TMS)_BP_RI:1422_IDENT:C+D","e10223ch",0.5,456449,3350,"Qstd"
"Met_1TMS","Met",6700,"Methionine_(1TMS)_BP_RI:1422_IDENT:C+D","e10224ch",0.005,-99,33.5,"Qstd"
"Met_1TMS","Met",6700,"Methionine_(1TMS)_BP_RI:1422_IDENT:C+D","e10223ch",0.1,167071,670,"Qstd"
"Met_1TMS","Met",6700,"Methionine_(1TMS)_BP_RI:1422_IDENT:C+D","e10222ch",0.05,63089,335,"Qstd"
"Met_1TMS","Met",6700,"Methionine_(1TMS)_BP_RI:1422_IDENT:C+D","e10224ch",0.2,402556,1340,"Qstd"
"Met_1TMS","Met",6700,"Methionine_(1TMS)_BP_RI:1422_IDENT:C+D","e10224ch",1,904642,6700,"Qstd"
"Met_1TMS","Met",6700,"Methionine_(1TMS)_BP_RI:1422_IDENT:C+D","e10222ch",0.2,211941,1340,"Qstd"
"Met_1TMS","Met",6700,"Methionine_(1TMS)_BP_RI:1422_IDENT:C+D","e10223ch",0.005,-99,33.5,"Qstd"
"Met_1TMS","Met",6700,"Methionine_(1TMS)_BP_RI:1422_IDENT:C+D","e10222ch",0.5,443527,3350,"Qstd"
"Met_1TMS","Met",6700,"Methionine_(1TMS)_BP_RI:1422_IDENT:C+D","e10223ch",0.02,41020,134,"Qstd"
"Met_1TMS","Met",6700,"Methionine_(1TMS)_BP_RI:1422_IDENT:C+D","e10222ch",0.005,-99,33.5,"Qstd"
"Met_1TMS","Met",6700,"Methionine_(1TMS)_BP_RI:1422_IDENT:C+D","e10224ch",0.5,619318,3350,"Qstd"
"Met_1TMS","Met",6700,"Methionine_(1TMS)_BP_RI:1422_IDENT:C+D","e10224ch",0.02,39732,134,"Qstd"
"Pantothenic_acid","Patho",16790,"Pantothenic acid_(3TMS)_MP_RI:1993_IDENT:A+D","e10223ch",0.005,-99,83.95,"Qstd"
"Pantothenic_acid","Patho",16790,"Pantothenic acid_(3TMS)_MP_RI:1993_IDENT:A+D","e10222ch",1,186870,16790,"Qstd"
"Pantothenic_acid","Patho",16790,"Pantothenic acid_(3TMS)_MP_RI:1993_IDENT:A+D","e10222ch",0.01,-99,167.9,"Qstd"
"Pantothenic_acid","Patho",16790,"Pantothenic acid_(3TMS)_MP_RI:1993_IDENT:A+D","e10222ch",0.02,-99,335.8,"Qstd"
"Pantothenic_acid","Patho",16790,"Pantothenic acid_(3TMS)_MP_RI:1993_IDENT:A+D","e10222ch",0.05,8284,839.5,"Qstd"
"Pantothenic_acid","Patho",16790,"Pantothenic acid_(3TMS)_MP_RI:1993_IDENT:A+D","e10223ch",0.01,-99,167.9,"Qstd"
"Pantothenic_acid","Patho",16790,"Pantothenic acid_(3TMS)_MP_RI:1993_IDENT:A+D","e10223ch",0.2,40255,3358,"Qstd"
"Pantothenic_acid","Patho",16790,"Pantothenic acid_(3TMS)_MP_RI:1993_IDENT:A+D","e10222ch",0.2,27257,3358,"Qstd"
"Pantothenic_acid","Patho",16790,"Pantothenic acid_(3TMS)_MP_RI:1993_IDENT:A+D","e10223ch",0.1,25464,1679,"Qstd"
"Pantothenic_acid","Patho",16790,"Pantothenic acid_(3TMS)_MP_RI:1993_IDENT:A+D","e10223ch",1,258099,16790,"Qstd"
"Pantothenic_acid","Patho",16790,"Pantothenic acid_(3TMS)_MP_RI:1993_IDENT:A+D","e10223ch",0.02,-99,335.8,"Qstd"
"Pantothenic_acid","Patho",16790,"Pantothenic acid_(3TMS)_MP_RI:1993_IDENT:A+D","e10222ch",0.5,93406,8395,"Qstd"
"Pantothenic_acid","Patho",16790,"Pantothenic acid_(3TMS)_MP_RI:1993_IDENT:A+D","e10223ch",0.5,105269,8395,"Qstd"
"Pantothenic_acid","Patho",16790,"Pantothenic acid_(3TMS)_MP_RI:1993_IDENT:A+D","e10222ch",0.1,39213,1679,"Qstd"
"Pantothenic_acid","Patho",16790,"Pantothenic acid_(3TMS)_MP_RI:1993_IDENT:A+D","e10223ch",0.05,19357,839.5,"Qstd"
"Pantothenic_acid","Patho",16790,"Pantothenic acid_(3TMS)_MP_RI:1993_IDENT:A+D","e10222ch",0.005,-99,83.95,"Qstd"
"PGA6","PGA6",14620,"Gluconic acid-6-phosphate_(7TMS)_MP_RI:2426_IDENT:A+D","e10224ch",0.01,-99,146.2,"Qstd"
"PGA6","PGA6",14620,"Gluconic acid-6-phosphate_(7TMS)_MP_RI:2426_IDENT:A+D","e10224ch",0.005,-99,73.1,"Qstd"
"PGA6","PGA6",14620,"Gluconic acid-6-phosphate_(7TMS)_MP_RI:2426_IDENT:A+D","e10224ch",1,920003,14620,"Qstd"
"PGA6","PGA6",14620,"Gluconic acid-6-phosphate_(7TMS)_MP_RI:2426_IDENT:A+D","e10224ch",0.1,62541,1462,"Qstd"
"PGA6","PGA6",14620,"Gluconic acid-6-phosphate_(7TMS)_MP_RI:2426_IDENT:A+D","e10224ch",0.5,372600,7310,"Qstd"
"PGA6","PGA6",14620,"Gluconic acid-6-phosphate_(7TMS)_MP_RI:2426_IDENT:A+D","e10224ch",0.02,-99,292.4,"Qstd"
"PGA6","PGA6",14620,"Gluconic acid-6-phosphate_(7TMS)_MP_RI:2426_IDENT:A+D","e10224ch",0.05,-99,731,"Qstd"
"PGA6","PGA6",14620,"Gluconic acid-6-phosphate_(7TMS)_MP_RI:2426_IDENT:A+D","e10224ch",0.2,123177,2924,"Qstd"
"Phe_2TMS","Phe",48430,"Phenylalanine_(2TMS)_MP_RI:1625_IDENT:B+C","e10223ch",0.2,61543,9686,"Qstd"
"Phe_2TMS","Phe",48430,"Phenylalanine_(2TMS)_MP_RI:1625_IDENT:B+C","e10223ch",0.01,-99,484.3,"Qstd"
"Phe_2TMS","Phe",48430,"Phenylalanine_(2TMS)_MP_RI:1625_IDENT:B+C","e10223ch",0.1,-99,4843,"Qstd"
"Phe_2TMS","Phe",48430,"Phenylalanine_(2TMS)_MP_RI:1625_IDENT:B+C","e10223ch",0.005,-99,242.15,"Qstd"
"Phe_2TMS","Phe",48430,"Phenylalanine_(2TMS)_MP_RI:1625_IDENT:B+C","e10223ch",0.02,-99,968.6,"Qstd"
"Phe_2TMS","Phe",48430,"Phenylalanine_(2TMS)_MP_RI:1625_IDENT:B+C","e10223ch",0.5,211959,24215,"Qstd"
"Phe_2TMS","Phe",48430,"Phenylalanine_(2TMS)_MP_RI:1625_IDENT:B+C","e10223ch",0.05,-99,2421.5,"Qstd"
"Phe_2TMS","Phe",48430,"Phenylalanine_(2TMS)_MP_RI:1625_IDENT:B+C","e10223ch",1,895180,48430,"Qstd"
"Pro_2TMS","Pro",60800,"Proline_(2TMS)_MP_RI:1305_IDENT:A+B","e10224ch",0.5,489192,30400,"Qstd"
"Pro_2TMS","Pro",60800,"Proline_(2TMS)_MP_RI:1305_IDENT:A+B","e10223ch",0.02,-99,1216,"Qstd"
"Pro_2TMS","Pro",60800,"Proline_(2TMS)_MP_RI:1305_IDENT:A+B","e10222ch",0.1,62727,6080,"Qstd"
"Pro_2TMS","Pro",60800,"Proline_(2TMS)_MP_RI:1305_IDENT:A+B","e10223ch",0.005,-99,304,"Qstd"
"Pro_2TMS","Pro",60800,"Proline_(2TMS)_MP_RI:1305_IDENT:A+B","e10222ch",0.5,637189,30400,"Qstd"
"Pro_2TMS","Pro",60800,"Proline_(2TMS)_MP_RI:1305_IDENT:A+B","e10222ch",0.02,-99,1216,"Qstd"
"Pro_2TMS","Pro",60800,"Proline_(2TMS)_MP_RI:1305_IDENT:A+B","e10223ch",1,1097253,60800,"Qstd"
"Pro_2TMS","Pro",60800,"Proline_(2TMS)_MP_RI:1305_IDENT:A+B","e10222ch",0.005,-99,304,"Qstd"
"Pro_2TMS","Pro",60800,"Proline_(2TMS)_MP_RI:1305_IDENT:A+B","e10223ch",0.01,-99,608,"Qstd"
"Pro_2TMS","Pro",60800,"Proline_(2TMS)_MP_RI:1305_IDENT:A+B","e10222ch",1,1061745,60800,"Qstd"
"Pro_2TMS","Pro",60800,"Proline_(2TMS)_MP_RI:1305_IDENT:A+B","e10224ch",1,1196430,60800,"Qstd"
"Pro_2TMS","Pro",60800,"Proline_(2TMS)_MP_RI:1305_IDENT:A+B","e10224ch",0.005,-99,304,"Qstd"
"Pro_2TMS","Pro",60800,"Proline_(2TMS)_MP_RI:1305_IDENT:A+B","e10222ch",0.2,92115,12160,"Qstd"
"Pro_2TMS","Pro",60800,"Proline_(2TMS)_MP_RI:1305_IDENT:A+B","e10223ch",0.1,43359,6080,"Qstd"
"Pro_2TMS","Pro",60800,"Proline_(2TMS)_MP_RI:1305_IDENT:A+B","e10223ch",0.2,127333,12160,"Qstd"
"Pro_2TMS","Pro",60800,"Proline_(2TMS)_MP_RI:1305_IDENT:A+B","e10223ch",0.5,400538,30400,"Qstd"
"Pro_2TMS","Pro",60800,"Proline_(2TMS)_MP_RI:1305_IDENT:A+B","e10224ch",0.01,-99,608,"Qstd"
"Pro_2TMS","Pro",60800,"Proline_(2TMS)_MP_RI:1305_IDENT:A+B","e10224ch",0.05,36128,3040,"Qstd"
"Pro_2TMS","Pro",60800,"Proline_(2TMS)_MP_RI:1305_IDENT:A+B","e10222ch",0.01,-99,608,"Qstd"
"Pro_2TMS","Pro",60800,"Proline_(2TMS)_MP_RI:1305_IDENT:A+B","e10224ch",0.02,-99,1216,"Qstd"
"Pro_2TMS","Pro",60800,"Proline_(2TMS)_MP_RI:1305_IDENT:A+B","e10223ch",0.05,-99,3040,"Qstd"
"Pro_2TMS","Pro",60800,"Proline_(2TMS)_MP_RI:1305_IDENT:A+B","e10224ch",0.1,73028,6080,"Qstd"
"Pro_2TMS","Pro",60800,"Proline_(2TMS)_MP_RI:1305_IDENT:A+B","e10222ch",0.05,22229,3040,"Qstd"
"Pro_2TMS","Pro",60800,"Proline_(2TMS)_MP_RI:1305_IDENT:A+B","e10224ch",0.2,175257,12160,"Qstd"
"Pyr","Pyr",290800,"Pyruvic acid_(1MEOX)(1TMS)_MP_RI:1045_IDENT:A+D","e10224ch",0.02,53089,5816,"Qstd"
"Pyr","Pyr",290800,"Pyruvic acid_(1MEOX)(1TMS)_MP_RI:1045_IDENT:A+D","e10223ch",0.01,-99,2908,"Qstd"
"Pyr","Pyr",290800,"Pyruvic acid_(1MEOX)(1TMS)_MP_RI:1045_IDENT:A+D","e10222ch",0.5,1054073,145400,"Qstd"
"Pyr","Pyr",290800,"Pyruvic acid_(1MEOX)(1TMS)_MP_RI:1045_IDENT:A+D","e10223ch",0.005,-99,1454,"Qstd"
"Pyr","Pyr",290800,"Pyruvic acid_(1MEOX)(1TMS)_MP_RI:1045_IDENT:A+D","e10224ch",0.005,-99,1454,"Qstd"
"Pyr","Pyr",290800,"Pyruvic acid_(1MEOX)(1TMS)_MP_RI:1045_IDENT:A+D","e10224ch",0.01,-99,2908,"Qstd"
"Pyr","Pyr",290800,"Pyruvic acid_(1MEOX)(1TMS)_MP_RI:1045_IDENT:A+D","e10222ch",0.1,212654,29080,"Qstd"
"Pyr","Pyr",290800,"Pyruvic acid_(1MEOX)(1TMS)_MP_RI:1045_IDENT:A+D","e10224ch",0.5,1056059,145400,"Qstd"
"Pyr","Pyr",290800,"Pyruvic acid_(1MEOX)(1TMS)_MP_RI:1045_IDENT:A+D","e10222ch",0.01,-99,2908,"Qstd"
"Pyr","Pyr",290800,"Pyruvic acid_(1MEOX)(1TMS)_MP_RI:1045_IDENT:A+D","e10223ch",0.5,916261,145400,"Qstd"
"Pyr","Pyr",290800,"Pyruvic acid_(1MEOX)(1TMS)_MP_RI:1045_IDENT:A+D","e10222ch",0.02,53524,5816,"Qstd"
"Pyr","Pyr",290800,"Pyruvic acid_(1MEOX)(1TMS)_MP_RI:1045_IDENT:A+D","e10222ch",0.2,260768,58160,"Qstd"
"Pyr","Pyr",290800,"Pyruvic acid_(1MEOX)(1TMS)_MP_RI:1045_IDENT:A+D","e10223ch",0.02,-99,5816,"Qstd"
"Pyr","Pyr",290800,"Pyruvic acid_(1MEOX)(1TMS)_MP_RI:1045_IDENT:A+D","e10222ch",0.05,74009,14540,"Qstd"
"Pyr","Pyr",290800,"Pyruvic acid_(1MEOX)(1TMS)_MP_RI:1045_IDENT:A+D","e10222ch",1,1796288,290800,"Qstd"
"Pyr","Pyr",290800,"Pyruvic acid_(1MEOX)(1TMS)_MP_RI:1045_IDENT:A+D","e10224ch",0.05,64334,14540,"Qstd"
"Pyr","Pyr",290800,"Pyruvic acid_(1MEOX)(1TMS)_MP_RI:1045_IDENT:A+D","e10223ch",0.2,331834,58160,"Qstd"
"Pyr","Pyr",290800,"Pyruvic acid_(1MEOX)(1TMS)_MP_RI:1045_IDENT:A+D","e10223ch",0.1,169596,29080,"Qstd"
"Pyr","Pyr",290800,"Pyruvic acid_(1MEOX)(1TMS)_MP_RI:1045_IDENT:A+D","e10223ch",0.05,61093,14540,"Qstd"
"Pyr","Pyr",290800,"Pyruvic acid_(1MEOX)(1TMS)_MP_RI:1045_IDENT:A+D","e10222ch",0.005,-99,1454,"Qstd"
"Pyr","Pyr",290800,"Pyruvic acid_(1MEOX)(1TMS)_MP_RI:1045_IDENT:A+D","e10224ch",0.1,201843,29080,"Qstd"
"Pyr","Pyr",290800,"Pyruvic acid_(1MEOX)(1TMS)_MP_RI:1045_IDENT:A+D","e10224ch",1,2387001,290800,"Qstd"
"Pyr","Pyr",290800,"Pyruvic acid_(1MEOX)(1TMS)_MP_RI:1045_IDENT:A+D","e10224ch",0.2,498550,58160,"Qstd"
"Pyr","Pyr",290800,"Pyruvic acid_(1MEOX)(1TMS)_MP_RI:1045_IDENT:A+D","e10223ch",1,1920391,290800,"Qstd"
"Pyroglut_2TMS","Pyroglut",92940,"Pyroglutamic acid_(2TMS)_MP_RI:1518_IDENT:A+D","e10223ch",0.02,147757,1858.8,"Qstd"
"Pyroglut_2TMS","Pyroglut",92940,"Pyroglutamic acid_(2TMS)_MP_RI:1518_IDENT:A+D","e10224ch",0.01,233437,929.4,"Qstd"
"Pyroglut_2TMS","Pyroglut",92940,"Pyroglutamic acid_(2TMS)_MP_RI:1518_IDENT:A+D","e10223ch",0.01,185903,929.4,"Qstd"
"Pyroglut_2TMS","Pyroglut",92940,"Pyroglutamic acid_(2TMS)_MP_RI:1518_IDENT:A+D","e10224ch",0.005,409641,464.7,"Qstd"
"Pyroglut_2TMS","Pyroglut",92940,"Pyroglutamic acid_(2TMS)_MP_RI:1518_IDENT:A+D","e10223ch",0.05,213589,4647,"Qstd"
"Pyroglut_2TMS","Pyroglut",92940,"Pyroglutamic acid_(2TMS)_MP_RI:1518_IDENT:A+D","e10222ch",0.005,136728,464.7,"Qstd"
"Pyroglut_2TMS","Pyroglut",92940,"Pyroglutamic acid_(2TMS)_MP_RI:1518_IDENT:A+D","e10224ch",0.05,267471,4647,"Qstd"
"Pyroglut_2TMS","Pyroglut",92940,"Pyroglutamic acid_(2TMS)_MP_RI:1518_IDENT:A+D","e10224ch",0.2,848819,18588,"Qstd"
"Pyroglut_2TMS","Pyroglut",92940,"Pyroglutamic acid_(2TMS)_MP_RI:1518_IDENT:A+D","e10224ch",0.1,513435,9294,"Qstd"
"Pyroglut_2TMS","Pyroglut",92940,"Pyroglutamic acid_(2TMS)_MP_RI:1518_IDENT:A+D","e10223ch",0.2,644397,18588,"Qstd"
"Pyroglut_2TMS","Pyroglut",92940,"Pyroglutamic acid_(2TMS)_MP_RI:1518_IDENT:A+D","e10223ch",0.5,1444444,46470,"Qstd"
"Pyroglut_2TMS","Pyroglut",92940,"Pyroglutamic acid_(2TMS)_MP_RI:1518_IDENT:A+D","e10222ch",0.2,397337,18588,"Qstd"
"Pyroglut_2TMS","Pyroglut",92940,"Pyroglutamic acid_(2TMS)_MP_RI:1518_IDENT:A+D","e10224ch",1,3766033,92940,"Qstd"
"Pyroglut_2TMS","Pyroglut",92940,"Pyroglutamic acid_(2TMS)_MP_RI:1518_IDENT:A+D","e10224ch",0.5,1768675,46470,"Qstd"
"Pyroglut_2TMS","Pyroglut",92940,"Pyroglutamic acid_(2TMS)_MP_RI:1518_IDENT:A+D","e10223ch",1,3383092,92940,"Qstd"
"Pyroglut_2TMS","Pyroglut",92940,"Pyroglutamic acid_(2TMS)_MP_RI:1518_IDENT:A+D","e10223ch",0.005,144966,464.7,"Qstd"
"Pyroglut_2TMS","Pyroglut",92940,"Pyroglutamic acid_(2TMS)_MP_RI:1518_IDENT:A+D","e10222ch",0.02,126077,1858.8,"Qstd"
"Pyroglut_2TMS","Pyroglut",92940,"Pyroglutamic acid_(2TMS)_MP_RI:1518_IDENT:A+D","e10222ch",1,2818755,92940,"Qstd"
"Pyroglut_2TMS","Pyroglut",92940,"Pyroglutamic acid_(2TMS)_MP_RI:1518_IDENT:A+D","e10222ch",0.1,258758,9294,"Qstd"
"Pyroglut_2TMS","Pyroglut",92940,"Pyroglutamic acid_(2TMS)_MP_RI:1518_IDENT:A+D","e10224ch",0.02,217556,1858.8,"Qstd"
"Pyroglut_2TMS","Pyroglut",92940,"Pyroglutamic acid_(2TMS)_MP_RI:1518_IDENT:A+D","e10222ch",0.5,1496109,46470,"Qstd"
"Pyroglut_2TMS","Pyroglut",92940,"Pyroglutamic acid_(2TMS)_MP_RI:1518_IDENT:A+D","e10222ch",0.05,187304,4647,"Qstd"
"Pyroglut_2TMS","Pyroglut",92940,"Pyroglutamic acid_(2TMS)_MP_RI:1518_IDENT:A+D","e10222ch",0.01,89996,929.4,"Qstd"
"Pyroglut_2TMS","Pyroglut",92940,"Pyroglutamic acid_(2TMS)_MP_RI:1518_IDENT:A+D","e10223ch",0.1,382164,9294,"Qstd"
"Ser_2TMS","Ser",114190,"Serine_(2TMS)_BP_RI:1260_IDENT:C+D","e10222ch",0.005,111143,570.95,"Qstd"
"Ser_2TMS","Ser",114190,"Serine_(2TMS)_BP_RI:1260_IDENT:C+D","e10224ch",0.005,260861,570.95,"Qstd"
"Ser_2TMS","Ser",114190,"Serine_(2TMS)_BP_RI:1260_IDENT:C+D","e10224ch",0.5,363589,57095,"Qstd"
"Ser_2TMS","Ser",114190,"Serine_(2TMS)_BP_RI:1260_IDENT:C+D","e10224ch",0.2,355441,22838,"Qstd"
"Ser_2TMS","Ser",114190,"Serine_(2TMS)_BP_RI:1260_IDENT:C+D","e10224ch",0.02,272217,2283.8,"Qstd"
"Ser_2TMS","Ser",114190,"Serine_(2TMS)_BP_RI:1260_IDENT:C+D","e10222ch",0.01,96609,1141.9,"Qstd"
"Ser_2TMS","Ser",114190,"Serine_(2TMS)_BP_RI:1260_IDENT:C+D","e10222ch",0.5,162297,57095,"Qstd"
"Ser_2TMS","Ser",114190,"Serine_(2TMS)_BP_RI:1260_IDENT:C+D","e10222ch",0.02,111965,2283.8,"Qstd"
"Ser_2TMS","Ser",114190,"Serine_(2TMS)_BP_RI:1260_IDENT:C+D","e10224ch",0.01,247505,1141.9,"Qstd"
"Ser_2TMS","Ser",114190,"Serine_(2TMS)_BP_RI:1260_IDENT:C+D","e10224ch",1,332679,114190,"Qstd"
"Ser_2TMS","Ser",114190,"Serine_(2TMS)_BP_RI:1260_IDENT:C+D","e10222ch",1,159935,114190,"Qstd"
"Ser_2TMS","Ser",114190,"Serine_(2TMS)_BP_RI:1260_IDENT:C+D","e10224ch",0.1,306535,11419,"Qstd"
"Ser_2TMS","Ser",114190,"Serine_(2TMS)_BP_RI:1260_IDENT:C+D","e10222ch",0.1,104201,11419,"Qstd"
"Ser_2TMS","Ser",114190,"Serine_(2TMS)_BP_RI:1260_IDENT:C+D","e10224ch",0.05,384248,5709.5,"Qstd"
"Ser_2TMS","Ser",114190,"Serine_(2TMS)_BP_RI:1260_IDENT:C+D","e10222ch",0.2,144381,22838,"Qstd"
"Ser_2TMS","Ser",114190,"Serine_(2TMS)_BP_RI:1260_IDENT:C+D","e10222ch",0.05,1e+05,5709.5,"Qstd"
"Ser_3TMS","Ser",114190,"Serine_(3TMS)_MP_RI:1373_IDENT:C+D","e10223ch",0.02,-99,2283.8,"Qstd"
"Ser_3TMS","Ser",114190,"Serine_(3TMS)_MP_RI:1373_IDENT:C+D","e10223ch",0.1,63225,11419,"Qstd"
"Ser_3TMS","Ser",114190,"Serine_(3TMS)_MP_RI:1373_IDENT:C+D","e10223ch",0.5,405916,57095,"Qstd"
"Ser_3TMS","Ser",114190,"Serine_(3TMS)_MP_RI:1373_IDENT:C+D","e10224ch",0.05,-99,5709.5,"Qstd"
"Ser_3TMS","Ser",114190,"Serine_(3TMS)_MP_RI:1373_IDENT:C+D","e10224ch",1,1532857,114190,"Qstd"
"Ser_3TMS","Ser",114190,"Serine_(3TMS)_MP_RI:1373_IDENT:C+D","e10224ch",0.2,145474,22838,"Qstd"
"Ser_3TMS","Ser",114190,"Serine_(3TMS)_MP_RI:1373_IDENT:C+D","e10224ch",0.5,547744,57095,"Qstd"
"Ser_3TMS","Ser",114190,"Serine_(3TMS)_MP_RI:1373_IDENT:C+D","e10222ch",0.1,45586,11419,"Qstd"
"Ser_3TMS","Ser",114190,"Serine_(3TMS)_MP_RI:1373_IDENT:C+D","e10224ch",0.1,163151,11419,"Qstd"
"Ser_3TMS","Ser",114190,"Serine_(3TMS)_MP_RI:1373_IDENT:C+D","e10222ch",0.01,-99,1141.9,"Qstd"
"Ser_3TMS","Ser",114190,"Serine_(3TMS)_MP_RI:1373_IDENT:C+D","e10222ch",0.02,-99,2283.8,"Qstd"
"Ser_3TMS","Ser",114190,"Serine_(3TMS)_MP_RI:1373_IDENT:C+D","e10222ch",0.05,-99,5709.5,"Qstd"
"Ser_3TMS","Ser",114190,"Serine_(3TMS)_MP_RI:1373_IDENT:C+D","e10222ch",0.005,-99,570.95,"Qstd"
"Ser_3TMS","Ser",114190,"Serine_(3TMS)_MP_RI:1373_IDENT:C+D","e10222ch",0.2,94638,22838,"Qstd"
"Ser_3TMS","Ser",114190,"Serine_(3TMS)_MP_RI:1373_IDENT:C+D","e10224ch",0.005,-99,570.95,"Qstd"
"Ser_3TMS","Ser",114190,"Serine_(3TMS)_MP_RI:1373_IDENT:C+D","e10222ch",0.5,496731,57095,"Qstd"
"Ser_3TMS","Ser",114190,"Serine_(3TMS)_MP_RI:1373_IDENT:C+D","e10223ch",1,1193174,114190,"Qstd"
"Ser_3TMS","Ser",114190,"Serine_(3TMS)_MP_RI:1373_IDENT:C+D","e10223ch",0.2,116710,22838,"Qstd"
"Ser_3TMS","Ser",114190,"Serine_(3TMS)_MP_RI:1373_IDENT:C+D","e10223ch",0.05,-99,5709.5,"Qstd"
"Ser_3TMS","Ser",114190,"Serine_(3TMS)_MP_RI:1373_IDENT:C+D","e10223ch",0.01,-99,1141.9,"Qstd"
"Ser_3TMS","Ser",114190,"Serine_(3TMS)_MP_RI:1373_IDENT:C+D","e10224ch",0.02,-99,2283.8,"Qstd"
"Ser_3TMS","Ser",114190,"Serine_(3TMS)_MP_RI:1373_IDENT:C+D","e10224ch",0.01,-99,1141.9,"Qstd"
"Ser_3TMS","Ser",114190,"Serine_(3TMS)_MP_RI:1373_IDENT:C+D","e10222ch",1,1089718,114190,"Qstd"
"Ser_3TMS","Ser",114190,"Serine_(3TMS)_MP_RI:1373_IDENT:C+D","e10223ch",0.005,-99,570.95,"Qstd"
"Ser_4TMS","Ser",114190,"Serine_(4TMS)_BP_RI:1571_IDENT:C+D","e10222ch",0.005,-99,570.95,"Qstd"
"Ser_4TMS","Ser",114190,"Serine_(4TMS)_BP_RI:1571_IDENT:C+D","e10222ch",0.1,14844,11419,"Qstd"
"Ser_4TMS","Ser",114190,"Serine_(4TMS)_BP_RI:1571_IDENT:C+D","e10222ch",0.02,-99,2283.8,"Qstd"
"Ser_4TMS","Ser",114190,"Serine_(4TMS)_BP_RI:1571_IDENT:C+D","e10222ch",0.2,18053,22838,"Qstd"
"Ser_4TMS","Ser",114190,"Serine_(4TMS)_BP_RI:1571_IDENT:C+D","e10222ch",0.05,24175,5709.5,"Qstd"
"Ser_4TMS","Ser",114190,"Serine_(4TMS)_BP_RI:1571_IDENT:C+D","e10222ch",0.5,85179,57095,"Qstd"
"Ser_4TMS","Ser",114190,"Serine_(4TMS)_BP_RI:1571_IDENT:C+D","e10222ch",0.01,-99,1141.9,"Qstd"
"Ser_4TMS","Ser",114190,"Serine_(4TMS)_BP_RI:1571_IDENT:C+D","e10222ch",1,209982,114190,"Qstd"
"Suc","Suc",42340,"Succinic acid_(2TMS)_MP_RI:1327_IDENT:A+D","e10222ch",1,854812,42340,"Qstd"
"Suc","Suc",42340,"Succinic acid_(2TMS)_MP_RI:1327_IDENT:A+D","e10224ch",0.2,159022,8468,"Qstd"
"Suc","Suc",42340,"Succinic acid_(2TMS)_MP_RI:1327_IDENT:A+D","e10222ch",0.005,-99,211.7,"Qstd"
"Suc","Suc",42340,"Succinic acid_(2TMS)_MP_RI:1327_IDENT:A+D","e10222ch",0.5,431328,21170,"Qstd"
"Suc","Suc",42340,"Succinic acid_(2TMS)_MP_RI:1327_IDENT:A+D","e10224ch",0.5,516749,21170,"Qstd"
"Suc","Suc",42340,"Succinic acid_(2TMS)_MP_RI:1327_IDENT:A+D","e10224ch",0.1,103801,4234,"Qstd"
"Suc","Suc",42340,"Succinic acid_(2TMS)_MP_RI:1327_IDENT:A+D","e10222ch",0.02,-99,846.8,"Qstd"
"Suc","Suc",42340,"Succinic acid_(2TMS)_MP_RI:1327_IDENT:A+D","e10224ch",0.01,30623,423.4,"Qstd"
"Suc","Suc",42340,"Succinic acid_(2TMS)_MP_RI:1327_IDENT:A+D","e10223ch",0.05,14701,2117,"Qstd"
"Suc","Suc",42340,"Succinic acid_(2TMS)_MP_RI:1327_IDENT:A+D","e10224ch",0.02,21321,846.8,"Qstd"
"Suc","Suc",42340,"Succinic acid_(2TMS)_MP_RI:1327_IDENT:A+D","e10223ch",0.1,42880,4234,"Qstd"
"Suc","Suc",42340,"Succinic acid_(2TMS)_MP_RI:1327_IDENT:A+D","e10224ch",0.05,28263,2117,"Qstd"
"Suc","Suc",42340,"Succinic acid_(2TMS)_MP_RI:1327_IDENT:A+D","e10223ch",1,920991,42340,"Qstd"
"Suc","Suc",42340,"Succinic acid_(2TMS)_MP_RI:1327_IDENT:A+D","e10223ch",0.02,-99,846.8,"Qstd"
"Suc","Suc",42340,"Succinic acid_(2TMS)_MP_RI:1327_IDENT:A+D","e10222ch",0.05,17938,2117,"Qstd"
"Suc","Suc",42340,"Succinic acid_(2TMS)_MP_RI:1327_IDENT:A+D","e10224ch",0.005,-99,211.7,"Qstd"
"Suc","Suc",42340,"Succinic acid_(2TMS)_MP_RI:1327_IDENT:A+D","e10222ch",0.2,114556,8468,"Qstd"
"Suc","Suc",42340,"Succinic acid_(2TMS)_MP_RI:1327_IDENT:A+D","e10223ch",0.5,367933,21170,"Qstd"
"Suc","Suc",42340,"Succinic acid_(2TMS)_MP_RI:1327_IDENT:A+D","e10224ch",1,1123892,42340,"Qstd"
"Suc","Suc",42340,"Succinic acid_(2TMS)_MP_RI:1327_IDENT:A+D","e10222ch",0.01,-99,423.4,"Qstd"
"Suc","Suc",42340,"Succinic acid_(2TMS)_MP_RI:1327_IDENT:A+D","e10223ch",0.2,102249,8468,"Qstd"
"Suc","Suc",42340,"Succinic acid_(2TMS)_MP_RI:1327_IDENT:A+D","e10223ch",0.01,-99,423.4,"Qstd"
"Suc","Suc",42340,"Succinic acid_(2TMS)_MP_RI:1327_IDENT:A+D","e10223ch",0.005,-99,211.7,"Qstd"
"Suc","Suc",42340,"Succinic acid_(2TMS)_MP_RI:1327_IDENT:A+D","e10222ch",0.1,63397,4234,"Qstd"
"Thr_2TMS","Thr",167900,"Threonine_(2TMS)_BP_RI:1303_IDENT:C+D","e10223ch",0.2,180796,33580,"Qstd"
"Thr_2TMS","Thr",167900,"Threonine_(2TMS)_BP_RI:1303_IDENT:C+D","e10222ch",0.05,62408,8395,"Qstd"
"Thr_2TMS","Thr",167900,"Threonine_(2TMS)_BP_RI:1303_IDENT:C+D","e10224ch",0.005,-99,839.5,"Qstd"
"Thr_2TMS","Thr",167900,"Threonine_(2TMS)_BP_RI:1303_IDENT:C+D","e10222ch",0.1,122252,16790,"Qstd"
"Thr_2TMS","Thr",167900,"Threonine_(2TMS)_BP_RI:1303_IDENT:C+D","e10222ch",0.02,-99,3358,"Qstd"
"Thr_2TMS","Thr",167900,"Threonine_(2TMS)_BP_RI:1303_IDENT:C+D","e10222ch",0.2,163259,33580,"Qstd"
"Thr_2TMS","Thr",167900,"Threonine_(2TMS)_BP_RI:1303_IDENT:C+D","e10223ch",0.05,-99,8395,"Qstd"
"Thr_2TMS","Thr",167900,"Threonine_(2TMS)_BP_RI:1303_IDENT:C+D","e10224ch",0.2,353772,33580,"Qstd"
"Thr_2TMS","Thr",167900,"Threonine_(2TMS)_BP_RI:1303_IDENT:C+D","e10222ch",0.01,-99,1679,"Qstd"
"Thr_2TMS","Thr",167900,"Threonine_(2TMS)_BP_RI:1303_IDENT:C+D","e10222ch",0.005,-99,839.5,"Qstd"
"Thr_2TMS","Thr",167900,"Threonine_(2TMS)_BP_RI:1303_IDENT:C+D","e10223ch",0.1,104757,16790,"Qstd"
"Thr_2TMS","Thr",167900,"Threonine_(2TMS)_BP_RI:1303_IDENT:C+D","e10222ch",1,1027591,167900,"Qstd"
"Thr_2TMS","Thr",167900,"Threonine_(2TMS)_BP_RI:1303_IDENT:C+D","e10224ch",0.02,-99,3358,"Qstd"
"Thr_2TMS","Thr",167900,"Threonine_(2TMS)_BP_RI:1303_IDENT:C+D","e10223ch",0.01,-99,1679,"Qstd"
"Thr_2TMS","Thr",167900,"Threonine_(2TMS)_BP_RI:1303_IDENT:C+D","e10223ch",0.005,-99,839.5,"Qstd"
"Thr_2TMS","Thr",167900,"Threonine_(2TMS)_BP_RI:1303_IDENT:C+D","e10224ch",1,1015189,167900,"Qstd"
"Thr_2TMS","Thr",167900,"Threonine_(2TMS)_BP_RI:1303_IDENT:C+D","e10224ch",0.1,130729,16790,"Qstd"
"Thr_2TMS","Thr",167900,"Threonine_(2TMS)_BP_RI:1303_IDENT:C+D","e10223ch",0.5,467662,83950,"Qstd"
"Thr_2TMS","Thr",167900,"Threonine_(2TMS)_BP_RI:1303_IDENT:C+D","e10222ch",0.5,538955,83950,"Qstd"
"Thr_2TMS","Thr",167900,"Threonine_(2TMS)_BP_RI:1303_IDENT:C+D","e10224ch",0.01,-99,1679,"Qstd"
"Thr_2TMS","Thr",167900,"Threonine_(2TMS)_BP_RI:1303_IDENT:C+D","e10224ch",0.5,574744,83950,"Qstd"
"Thr_2TMS","Thr",167900,"Threonine_(2TMS)_BP_RI:1303_IDENT:C+D","e10224ch",0.05,66345,8395,"Qstd"
"Thr_2TMS","Thr",167900,"Threonine_(2TMS)_BP_RI:1303_IDENT:C+D","e10223ch",1,794561,167900,"Qstd"
"Thr_2TMS","Thr",167900,"Threonine_(2TMS)_BP_RI:1303_IDENT:C+D","e10223ch",0.02,-99,3358,"Qstd"
"Thr_3TMS","Thr",167900,"Threonine_(3TMS)_MP_RI:1397_IDENT:C+D","e10222ch",0.05,50811,8395,"Qstd"
"Thr_3TMS","Thr",167900,"Threonine_(3TMS)_MP_RI:1397_IDENT:C+D","e10222ch",0.2,196283,33580,"Qstd"
"Thr_3TMS","Thr",167900,"Threonine_(3TMS)_MP_RI:1397_IDENT:C+D","e10224ch",1,3666006,167900,"Qstd"
"Thr_3TMS","Thr",167900,"Threonine_(3TMS)_MP_RI:1397_IDENT:C+D","e10222ch",1,2028668,167900,"Qstd"
"Thr_3TMS","Thr",167900,"Threonine_(3TMS)_MP_RI:1397_IDENT:C+D","e10222ch",0.5,1018060,83950,"Qstd"
"Thr_3TMS","Thr",167900,"Threonine_(3TMS)_MP_RI:1397_IDENT:C+D","e10222ch",0.1,102741,16790,"Qstd"
"Thr_3TMS","Thr",167900,"Threonine_(3TMS)_MP_RI:1397_IDENT:C+D","e10224ch",0.1,235377,16790,"Qstd"
"Thr_3TMS","Thr",167900,"Threonine_(3TMS)_MP_RI:1397_IDENT:C+D","e10222ch",0.02,-99,3358,"Qstd"
"Thr_3TMS","Thr",167900,"Threonine_(3TMS)_MP_RI:1397_IDENT:C+D","e10223ch",1,2686751,167900,"Qstd"
"Thr_3TMS","Thr",167900,"Threonine_(3TMS)_MP_RI:1397_IDENT:C+D","e10224ch",0.5,1408428,83950,"Qstd"
"Thr_3TMS","Thr",167900,"Threonine_(3TMS)_MP_RI:1397_IDENT:C+D","e10223ch",0.1,118118,16790,"Qstd"
"Thr_3TMS","Thr",167900,"Threonine_(3TMS)_MP_RI:1397_IDENT:C+D","e10224ch",0.2,430022,33580,"Qstd"
"Thr_3TMS","Thr",167900,"Threonine_(3TMS)_MP_RI:1397_IDENT:C+D","e10222ch",0.01,-99,1679,"Qstd"
"Thr_3TMS","Thr",167900,"Threonine_(3TMS)_MP_RI:1397_IDENT:C+D","e10224ch",0.02,-99,3358,"Qstd"
"Thr_3TMS","Thr",167900,"Threonine_(3TMS)_MP_RI:1397_IDENT:C+D","e10223ch",0.01,-99,1679,"Qstd"
"Thr_3TMS","Thr",167900,"Threonine_(3TMS)_MP_RI:1397_IDENT:C+D","e10223ch",0.5,840712,83950,"Qstd"
"Thr_3TMS","Thr",167900,"Threonine_(3TMS)_MP_RI:1397_IDENT:C+D","e10223ch",0.02,-99,3358,"Qstd"
"Thr_3TMS","Thr",167900,"Threonine_(3TMS)_MP_RI:1397_IDENT:C+D","e10223ch",0.05,58418,8395,"Qstd"
"Thr_3TMS","Thr",167900,"Threonine_(3TMS)_MP_RI:1397_IDENT:C+D","e10224ch",0.01,-99,1679,"Qstd"
"Thr_3TMS","Thr",167900,"Threonine_(3TMS)_MP_RI:1397_IDENT:C+D","e10223ch",0.005,-99,839.5,"Qstd"
"Thr_3TMS","Thr",167900,"Threonine_(3TMS)_MP_RI:1397_IDENT:C+D","e10223ch",0.2,347002,33580,"Qstd"
"Thr_3TMS","Thr",167900,"Threonine_(3TMS)_MP_RI:1397_IDENT:C+D","e10224ch",0.005,-99,839.5,"Qstd"
"Thr_3TMS","Thr",167900,"Threonine_(3TMS)_MP_RI:1397_IDENT:C+D","e10224ch",0.05,64447,8395,"Qstd"
"Thr_3TMS","Thr",167900,"Threonine_(3TMS)_MP_RI:1397_IDENT:C+D","e10222ch",0.005,-99,839.5,"Qstd"
"Val_1TMS","Val",42680,"Valine_(1TMS)_BP_RI:1084_IDENT:B+D","e10222ch",0.2,49008,8536,"Qstd"
"Val_1TMS","Val",42680,"Valine_(1TMS)_BP_RI:1084_IDENT:B+D","e10222ch",1,133327,42680,"Qstd"
"Val_1TMS","Val",42680,"Valine_(1TMS)_BP_RI:1084_IDENT:B+D","e10224ch",0.02,6472,853.6,"Qstd"
"Val_1TMS","Val",42680,"Valine_(1TMS)_BP_RI:1084_IDENT:B+D","e10222ch",0.02,25669,853.6,"Qstd"
"Val_1TMS","Val",42680,"Valine_(1TMS)_BP_RI:1084_IDENT:B+D","e10222ch",0.01,-99,426.8,"Qstd"
"Val_1TMS","Val",42680,"Valine_(1TMS)_BP_RI:1084_IDENT:B+D","e10224ch",0.01,-99,426.8,"Qstd"
"Val_1TMS","Val",42680,"Valine_(1TMS)_BP_RI:1084_IDENT:B+D","e10222ch",0.1,36494,4268,"Qstd"
"Val_1TMS","Val",42680,"Valine_(1TMS)_BP_RI:1084_IDENT:B+D","e10222ch",0.005,-99,213.4,"Qstd"
"Val_1TMS","Val",42680,"Valine_(1TMS)_BP_RI:1084_IDENT:B+D","e10223ch",0.5,100009,21340,"Qstd"
"Val_1TMS","Val",42680,"Valine_(1TMS)_BP_RI:1084_IDENT:B+D","e10223ch",0.1,22540,4268,"Qstd"
"Val_1TMS","Val",42680,"Valine_(1TMS)_BP_RI:1084_IDENT:B+D","e10223ch",0.2,45289,8536,"Qstd"
"Val_1TMS","Val",42680,"Valine_(1TMS)_BP_RI:1084_IDENT:B+D","e10222ch",0.05,5266,2134,"Qstd"
"Val_1TMS","Val",42680,"Valine_(1TMS)_BP_RI:1084_IDENT:B+D","e10223ch",1,178378,42680,"Qstd"
"Val_1TMS","Val",42680,"Valine_(1TMS)_BP_RI:1084_IDENT:B+D","e10224ch",0.005,-99,213.4,"Qstd"
"Val_1TMS","Val",42680,"Valine_(1TMS)_BP_RI:1084_IDENT:B+D","e10224ch",0.2,80870,8536,"Qstd"
"Val_1TMS","Val",42680,"Valine_(1TMS)_BP_RI:1084_IDENT:B+D","e10224ch",1,253882,42680,"Qstd"
"Val_1TMS","Val",42680,"Valine_(1TMS)_BP_RI:1084_IDENT:B+D","e10224ch",0.1,54403,4268,"Qstd"
"Val_1TMS","Val",42680,"Valine_(1TMS)_BP_RI:1084_IDENT:B+D","e10223ch",0.05,17124,2134,"Qstd"
"Val_1TMS","Val",42680,"Valine_(1TMS)_BP_RI:1084_IDENT:B+D","e10222ch",0.5,75173,21340,"Qstd"
"Val_1TMS","Val",42680,"Valine_(1TMS)_BP_RI:1084_IDENT:B+D","e10224ch",0.5,146435,21340,"Qstd"
"Val_1TMS","Val",42680,"Valine_(1TMS)_BP_RI:1084_IDENT:B+D","e10223ch",0.02,3356,853.6,"Qstd"
"Val_1TMS","Val",42680,"Valine_(1TMS)_BP_RI:1084_IDENT:B+D","e10223ch",0.005,-99,213.4,"Qstd"
"Val_1TMS","Val",42680,"Valine_(1TMS)_BP_RI:1084_IDENT:B+D","e10223ch",0.01,-99,426.8,"Qstd"
"Val_1TMS","Val",42680,"Valine_(1TMS)_BP_RI:1084_IDENT:B+D","e10224ch",0.05,18199,2134,"Qstd"
"Val_2TMS","Val",42680,"Valine_(2TMS)_MP_RI:1212_IDENT:B+D","e10224ch",0.5,1301059,21340,"Qstd"
"Val_2TMS","Val",42680,"Valine_(2TMS)_MP_RI:1212_IDENT:B+D","e10224ch",0.2,466757,8536,"Qstd"
"Val_2TMS","Val",42680,"Valine_(2TMS)_MP_RI:1212_IDENT:B+D","e10223ch",1,2466257,42680,"Qstd"
"Val_2TMS","Val",42680,"Valine_(2TMS)_MP_RI:1212_IDENT:B+D","e10222ch",0.2,354467,8536,"Qstd"
"Val_2TMS","Val",42680,"Valine_(2TMS)_MP_RI:1212_IDENT:B+D","e10224ch",0.05,85687,2134,"Qstd"
"Val_2TMS","Val",42680,"Valine_(2TMS)_MP_RI:1212_IDENT:B+D","e10222ch",1,2439040,42680,"Qstd"
"Val_2TMS","Val",42680,"Valine_(2TMS)_MP_RI:1212_IDENT:B+D","e10224ch",0.1,260245,4268,"Qstd"
"Val_2TMS","Val",42680,"Valine_(2TMS)_MP_RI:1212_IDENT:B+D","e10222ch",0.1,213735,4268,"Qstd"
"Val_2TMS","Val",42680,"Valine_(2TMS)_MP_RI:1212_IDENT:B+D","e10223ch",0.5,1128059,21340,"Qstd"
"Val_2TMS","Val",42680,"Valine_(2TMS)_MP_RI:1212_IDENT:B+D","e10222ch",0.02,39041,853.6,"Qstd"
"Val_2TMS","Val",42680,"Valine_(2TMS)_MP_RI:1212_IDENT:B+D","e10224ch",0.005,-99,213.4,"Qstd"
"Val_2TMS","Val",42680,"Valine_(2TMS)_MP_RI:1212_IDENT:B+D","e10224ch",0.01,19494,426.8,"Qstd"
"Val_2TMS","Val",42680,"Valine_(2TMS)_MP_RI:1212_IDENT:B+D","e10223ch",0.2,451535,8536,"Qstd"
"Val_2TMS","Val",42680,"Valine_(2TMS)_MP_RI:1212_IDENT:B+D","e10224ch",0.02,41180,853.6,"Qstd"
"Val_2TMS","Val",42680,"Valine_(2TMS)_MP_RI:1212_IDENT:B+D","e10222ch",0.5,1401450,21340,"Qstd"
"Val_2TMS","Val",42680,"Valine_(2TMS)_MP_RI:1212_IDENT:B+D","e10224ch",1,2908783,42680,"Qstd"
"Val_2TMS","Val",42680,"Valine_(2TMS)_MP_RI:1212_IDENT:B+D","e10223ch",0.1,234953,4268,"Qstd"
"Val_2TMS","Val",42680,"Valine_(2TMS)_MP_RI:1212_IDENT:B+D","e10223ch",0.05,71914,2134,"Qstd"
"Val_2TMS","Val",42680,"Valine_(2TMS)_MP_RI:1212_IDENT:B+D","e10222ch",0.01,41152,426.8,"Qstd"
"Val_2TMS","Val",42680,"Valine_(2TMS)_MP_RI:1212_IDENT:B+D","e10222ch",0.05,105040,2134,"Qstd"
"Val_2TMS","Val",42680,"Valine_(2TMS)_MP_RI:1212_IDENT:B+D","e10222ch",0.005,-99,213.4,"Qstd"
"Val_2TMS","Val",42680,"Valine_(2TMS)_MP_RI:1212_IDENT:B+D","e10223ch",0.005,25563,213.4,"Qstd"
"Val_2TMS","Val",42680,"Valine_(2TMS)_MP_RI:1212_IDENT:B+D","e10223ch",0.01,28581,426.8,"Qstd"
"Val_2TMS","Val",42680,"Valine_(2TMS)_MP_RI:1212_IDENT:B+D","e10223ch",0.02,29921,853.6,"Qstd"
