"Metabolite","Dilution","Concentration","ChromIntensities","OwnBorderIntensities","Batch_Id"
"Pyruvic acid_(1MEOX)(1TMS)_MP_RI:1045_IDENT:A+D",0.005,-99,-99,-99,"e10222ch"
"Pyruvic acid_(1MEOX)(1TMS)_MP_RI:1045_IDENT:A+D",0.01,-99,-99,-99,"e10222ch"
"Pyruvic acid_(1MEOX)(1TMS)_MP_RI:1045_IDENT:A+D",0.02,5816.066884,53524,NA,"e10222ch"
"Pyruvic acid_(1MEOX)(1TMS)_MP_RI:1045_IDENT:A+D",0.05,14540.16721,74009,NA,"e10222ch"
"Pyruvic acid_(1MEOX)(1TMS)_MP_RI:1045_IDENT:A+D",0.1,29080.33442,212654,NA,"e10222ch"
"Pyruvic acid_(1MEOX)(1TMS)_MP_RI:1045_IDENT:A+D",0.2,58160.66884,260768,NA,"e10222ch"
"Pyruvic acid_(1MEOX)(1TMS)_MP_RI:1045_IDENT:A+D",0.5,145401.6721,1054073,NA,"e10222ch"
"Pyruvic acid_(1MEOX)(1TMS)_MP_RI:1045_IDENT:A+D",1,290803.3442,1796288,NA,"e10222ch"
"Lactic acid_(2TMS)_MP_RI:1055_IDENT:B+C",0.005,2230.9477065,555718,NA,"e10222ch"
"Lactic acid_(2TMS)_MP_RI:1055_IDENT:B+C",0.01,4461.895413,788329,NA,"e10222ch"
"Lactic acid_(2TMS)_MP_RI:1055_IDENT:B+C",0.02,8923.790826,841087,NA,"e10222ch"
"Lactic acid_(2TMS)_MP_RI:1055_IDENT:B+C",0.05,22309.477065,814113,NA,"e10222ch"
"Lactic acid_(2TMS)_MP_RI:1055_IDENT:B+C",0.1,44618.95413,969357,NA,"e10222ch"
"Lactic acid_(2TMS)_MP_RI:1055_IDENT:B+C",0.2,89237.90826,889332,NA,"e10222ch"
"Lactic acid_(2TMS)_MP_RI:1055_IDENT:B+C",0.5,223094.77065,2307324,NA,"e10222ch"
"Lactic acid_(2TMS)_MP_RI:1055_IDENT:B+C",1,446189.5413,3115146,NA,"e10222ch"
"Valine_(1TMS)_BP_RI:1084_IDENT:B+D",0.005,-99,-99,-99,"e10222ch"
"Valine_(1TMS)_BP_RI:1084_IDENT:B+D",0.01,-99,-99,-99,"e10222ch"
"Valine_(1TMS)_BP_RI:1084_IDENT:B+D",0.02,853.6064874,25669,NA,"e10222ch"
"Valine_(1TMS)_BP_RI:1084_IDENT:B+D",0.05,2134.0162185,5266,NA,"e10222ch"
"Valine_(1TMS)_BP_RI:1084_IDENT:B+D",0.1,4268.032437,36494,NA,"e10222ch"
"Valine_(1TMS)_BP_RI:1084_IDENT:B+D",0.2,8536.064874,49008,NA,"e10222ch"
"Valine_(1TMS)_BP_RI:1084_IDENT:B+D",0.5,21340.162185,75173,NA,"e10222ch"
"Valine_(1TMS)_BP_RI:1084_IDENT:B+D",1,42680.32437,133327,NA,"e10222ch"
"Alanine_(2TMS)_BP_RI:1097_IDENT:B+C",0.005,-99,-99,-99,"e10222ch"
"Alanine_(2TMS)_BP_RI:1097_IDENT:B+C",0.01,-99,-99,-99,"e10222ch"
"Alanine_(2TMS)_BP_RI:1097_IDENT:B+C",0.02,224.4920866,190029,NA,"e10222ch"
"Alanine_(2TMS)_BP_RI:1097_IDENT:B+C",0.05,561.2302165,209737,NA,"e10222ch"
"Alanine_(2TMS)_BP_RI:1097_IDENT:B+C",0.1,1122.460433,302085,NA,"e10222ch"
"Alanine_(2TMS)_BP_RI:1097_IDENT:B+C",0.2,2244.920866,404314,NA,"e10222ch"
"Alanine_(2TMS)_BP_RI:1097_IDENT:B+C",0.5,5612.302165,1335595,NA,"e10222ch"
"Alanine_(2TMS)_BP_RI:1097_IDENT:B+C",1,11224.60433,2396247,NA,"e10222ch"
"Glycine_(2TMS)_BP_RI:1117_IDENT:A+C",0.005,-99,-99,-99,"e10222ch"
"Glycine_(2TMS)_BP_RI:1117_IDENT:A+C",0.01,-99,-99,-99,"e10222ch"
"Glycine_(2TMS)_BP_RI:1117_IDENT:A+C",0.02,-99,-99,-99,"e10222ch"
"Glycine_(2TMS)_BP_RI:1117_IDENT:A+C",0.05,-99,-99,-99,"e10222ch"
"Glycine_(2TMS)_BP_RI:1117_IDENT:A+C",0.1,6660.450246,29143,NA,"e10222ch"
"Glycine_(2TMS)_BP_RI:1117_IDENT:A+C",0.2,13320.900492,74095,NA,"e10222ch"
"Glycine_(2TMS)_BP_RI:1117_IDENT:A+C",0.5,33302.25123,131190,NA,"e10222ch"
"Glycine_(2TMS)_BP_RI:1117_IDENT:A+C",1,66604.50246,250134,NA,"e10222ch"
"Leucine_(1TMS)_BP_RI:1153_IDENT:B+C",0.005,-99,-99,-99,"e10222ch"
"Leucine_(1TMS)_BP_RI:1153_IDENT:B+C",0.01,-99,-99,-99,"e10222ch"
"Leucine_(1TMS)_BP_RI:1153_IDENT:B+C",0.02,-99,-99,-99,"e10222ch"
"Leucine_(1TMS)_BP_RI:1153_IDENT:B+C",0.05,4574.2166655,51562,NA,"e10222ch"
"Leucine_(1TMS)_BP_RI:1153_IDENT:B+C",0.1,9148.433331,100767,NA,"e10222ch"
"Leucine_(1TMS)_BP_RI:1153_IDENT:B+C",0.2,18296.866662,139919,NA,"e10222ch"
"Leucine_(1TMS)_BP_RI:1153_IDENT:B+C",0.5,45742.166655,473667,NA,"e10222ch"
"Leucine_(1TMS)_BP_RI:1153_IDENT:B+C",1,91484.33331,876545,NA,"e10222ch"
"Isoleucine_(1TMS)_BP_RI:1174_IDENT:A+D",0.005,-99,-99,-99,"e10222ch"
"Isoleucine_(1TMS)_BP_RI:1174_IDENT:A+D",0.01,-99,-99,-99,"e10222ch"
"Isoleucine_(1TMS)_BP_RI:1174_IDENT:A+D",0.02,-99,-99,-99,"e10222ch"
"Isoleucine_(1TMS)_BP_RI:1174_IDENT:A+D",0.05,-99,-99,-99,"e10222ch"
"Isoleucine_(1TMS)_BP_RI:1174_IDENT:A+D",0.1,3811.55664,32149,NA,"e10222ch"
"Isoleucine_(1TMS)_BP_RI:1174_IDENT:A+D",0.2,7623.11328,38880,NA,"e10222ch"
"Isoleucine_(1TMS)_BP_RI:1174_IDENT:A+D",0.5,19057.7832,23179,NA,"e10222ch"
"Isoleucine_(1TMS)_BP_RI:1174_IDENT:A+D",1,38115.5664,44746,NA,"e10222ch"
"Valine_(2TMS)_MP_RI:1212_IDENT:B+D",0.005,-99,-99,-99,"e10222ch"
"Valine_(2TMS)_MP_RI:1212_IDENT:B+D",0.01,426.8032437,41152,NA,"e10222ch"
"Valine_(2TMS)_MP_RI:1212_IDENT:B+D",0.02,853.6064874,39041,NA,"e10222ch"
"Valine_(2TMS)_MP_RI:1212_IDENT:B+D",0.05,2134.0162185,105040,NA,"e10222ch"
"Valine_(2TMS)_MP_RI:1212_IDENT:B+D",0.1,4268.032437,213735,NA,"e10222ch"
"Valine_(2TMS)_MP_RI:1212_IDENT:B+D",0.2,8536.064874,354467,NA,"e10222ch"
"Valine_(2TMS)_MP_RI:1212_IDENT:B+D",0.5,21340.162185,1401450,NA,"e10222ch"
"Valine_(2TMS)_MP_RI:1212_IDENT:B+D",1,42680.32437,2439040,NA,"e10222ch"
"Serine_(2TMS)_BP_RI:1260_IDENT:C+D",0.005,570.939195,111143,NA,"e10222ch"
"Serine_(2TMS)_BP_RI:1260_IDENT:C+D",0.01,1141.87839,96609,NA,"e10222ch"
"Serine_(2TMS)_BP_RI:1260_IDENT:C+D",0.02,2283.75678,111965,NA,"e10222ch"
"Serine_(2TMS)_BP_RI:1260_IDENT:C+D",0.05,5709.39195,1e+05,NA,"e10222ch"
"Serine_(2TMS)_BP_RI:1260_IDENT:C+D",0.1,11418.7839,104201,NA,"e10222ch"
"Serine_(2TMS)_BP_RI:1260_IDENT:C+D",0.2,22837.5678,144381,NA,"e10222ch"
"Serine_(2TMS)_BP_RI:1260_IDENT:C+D",0.5,57093.9195,162297,NA,"e10222ch"
"Serine_(2TMS)_BP_RI:1260_IDENT:C+D",1,114187.839,159935,NA,"e10222ch"
"Leucine_(2TMS)_MP_RI:1277_IDENT:B+C",0.005,-99,-99,-99,"e10222ch"
"Leucine_(2TMS)_MP_RI:1277_IDENT:B+C",0.01,-99,-99,-99,"e10222ch"
"Leucine_(2TMS)_MP_RI:1277_IDENT:B+C",0.02,1829.6866662,157547,NA,"e10222ch"
"Leucine_(2TMS)_MP_RI:1277_IDENT:B+C",0.05,4574.2166655,221820,NA,"e10222ch"
"Leucine_(2TMS)_MP_RI:1277_IDENT:B+C",0.1,9148.433331,212556,NA,"e10222ch"
"Leucine_(2TMS)_MP_RI:1277_IDENT:B+C",0.2,18296.866662,293514,NA,"e10222ch"
"Leucine_(2TMS)_MP_RI:1277_IDENT:B+C",0.5,45742.166655,973221,NA,"e10222ch"
"Leucine_(2TMS)_MP_RI:1277_IDENT:B+C",1,91484.33331,1679141,NA,"e10222ch"
"Glycerol_(3TMS)_MP_RI:1280_IDENT:C+D",0.005,134.9819124,164268,NA,"e10222ch"
"Glycerol_(3TMS)_MP_RI:1280_IDENT:C+D",0.01,269.9638248,205155,NA,"e10222ch"
"Glycerol_(3TMS)_MP_RI:1280_IDENT:C+D",0.02,539.9276496,193486,NA,"e10222ch"
"Glycerol_(3TMS)_MP_RI:1280_IDENT:C+D",0.05,1349.819124,165988,NA,"e10222ch"
"Glycerol_(3TMS)_MP_RI:1280_IDENT:C+D",0.1,2699.638248,198964,NA,"e10222ch"
"Glycerol_(3TMS)_MP_RI:1280_IDENT:C+D",0.2,5399.276496,204648,NA,"e10222ch"
"Glycerol_(3TMS)_MP_RI:1280_IDENT:C+D",0.5,13498.19124,344272,NA,"e10222ch"
"Glycerol_(3TMS)_MP_RI:1280_IDENT:C+D",1,26996.38248,322373,NA,"e10222ch"
"Threonine_(2TMS)_BP_RI:1303_IDENT:C+D",0.005,-99,-99,-99,"e10222ch"
"Threonine_(2TMS)_BP_RI:1303_IDENT:C+D",0.01,-99,-99,-99,"e10222ch"
"Threonine_(2TMS)_BP_RI:1303_IDENT:C+D",0.02,-99,-99,-99,"e10222ch"
"Threonine_(2TMS)_BP_RI:1303_IDENT:C+D",0.05,8394.895905,62408,NA,"e10222ch"
"Threonine_(2TMS)_BP_RI:1303_IDENT:C+D",0.1,16789.79181,122252,NA,"e10222ch"
"Threonine_(2TMS)_BP_RI:1303_IDENT:C+D",0.2,33579.58362,163259,NA,"e10222ch"
"Threonine_(2TMS)_BP_RI:1303_IDENT:C+D",0.5,83948.95905,538955,NA,"e10222ch"
"Threonine_(2TMS)_BP_RI:1303_IDENT:C+D",1,167897.9181,1027591,NA,"e10222ch"
"Proline_(2TMS)_MP_RI:1305_IDENT:A+B",0.005,-99,-99,-99,"e10222ch"
"Proline_(2TMS)_MP_RI:1305_IDENT:A+B",0.01,-99,-99,-99,"e10222ch"
"Proline_(2TMS)_MP_RI:1305_IDENT:A+B",0.02,-99,-99,-99,"e10222ch"
"Proline_(2TMS)_MP_RI:1305_IDENT:A+B",0.05,3040.041692,22229,NA,"e10222ch"
"Proline_(2TMS)_MP_RI:1305_IDENT:A+B",0.1,6080.083384,62727,NA,"e10222ch"
"Proline_(2TMS)_MP_RI:1305_IDENT:A+B",0.2,12160.166768,92115,NA,"e10222ch"
"Proline_(2TMS)_MP_RI:1305_IDENT:A+B",0.5,30400.41692,637189,NA,"e10222ch"
"Proline_(2TMS)_MP_RI:1305_IDENT:A+B",1,60800.83384,1061745,NA,"e10222ch"
"Glycine_(3TMS)_MP_RI:1314_IDENT:A+C",0.005,333.0225123,54759,NA,"e10222ch"
"Glycine_(3TMS)_MP_RI:1314_IDENT:A+C",0.01,666.0450246,96841,NA,"e10222ch"
"Glycine_(3TMS)_MP_RI:1314_IDENT:A+C",0.02,1332.0900492,155864,NA,"e10222ch"
"Glycine_(3TMS)_MP_RI:1314_IDENT:A+C",0.05,3330.225123,359137,NA,"e10222ch"
"Glycine_(3TMS)_MP_RI:1314_IDENT:A+C",0.1,6660.450246,785731,NA,"e10222ch"
"Glycine_(3TMS)_MP_RI:1314_IDENT:A+C",0.2,13320.900492,1110228,NA,"e10222ch"
"Glycine_(3TMS)_MP_RI:1314_IDENT:A+C",0.5,33302.25123,3968363,NA,"e10222ch"
"Glycine_(3TMS)_MP_RI:1314_IDENT:A+C",1,66604.50246,7554364,NA,"e10222ch"
"Succinic acid_(2TMS)_MP_RI:1327_IDENT:A+D",0.005,-99,-99,-99,"e10222ch"
"Succinic acid_(2TMS)_MP_RI:1327_IDENT:A+D",0.01,-99,-99,-99,"e10222ch"
"Succinic acid_(2TMS)_MP_RI:1327_IDENT:A+D",0.02,-99,-99,-99,"e10222ch"
"Succinic acid_(2TMS)_MP_RI:1327_IDENT:A+D",0.05,2117.0293845,17938,NA,"e10222ch"
"Succinic acid_(2TMS)_MP_RI:1327_IDENT:A+D",0.1,4234.058769,63397,NA,"e10222ch"
"Succinic acid_(2TMS)_MP_RI:1327_IDENT:A+D",0.2,8468.117538,114556,NA,"e10222ch"
"Succinic acid_(2TMS)_MP_RI:1327_IDENT:A+D",0.5,21170.293845,431328,NA,"e10222ch"
"Succinic acid_(2TMS)_MP_RI:1327_IDENT:A+D",1,42340.58769,854812,NA,"e10222ch"
"Glyceric acid_(3TMS)_MP_RI:1342_IDENT:A+B",0.005,-99,-99,-99,"e10222ch"
"Glyceric acid_(3TMS)_MP_RI:1342_IDENT:A+B",0.01,-99,-99,-99,"e10222ch"
"Glyceric acid_(3TMS)_MP_RI:1342_IDENT:A+B",0.02,-99,-99,-99,"e10222ch"
"Glyceric acid_(3TMS)_MP_RI:1342_IDENT:A+B",0.05,2173.9130435,30923,NA,"e10222ch"
"Glyceric acid_(3TMS)_MP_RI:1342_IDENT:A+B",0.1,-99,-99,-99,"e10222ch"
"Glyceric acid_(3TMS)_MP_RI:1342_IDENT:A+B",0.2,8695.652174,34297,NA,"e10222ch"
"Glyceric acid_(3TMS)_MP_RI:1342_IDENT:A+B",0.5,21739.130435,56827,NA,"e10222ch"
"Glyceric acid_(3TMS)_MP_RI:1342_IDENT:A+B",1,43478.26087,112563,NA,"e10222ch"
"Uracil_(2TMS)_MP_RI:1350_IDENT:A+C",0.005,133.82103665,1301686,NA,"e10222ch"
"Uracil_(2TMS)_MP_RI:1350_IDENT:A+C",0.01,267.6420733,1110315,NA,"e10222ch"
"Uracil_(2TMS)_MP_RI:1350_IDENT:A+C",0.02,535.2841466,662324,NA,"e10222ch"
"Uracil_(2TMS)_MP_RI:1350_IDENT:A+C",0.05,-99,-99,-99,"e10222ch"
"Uracil_(2TMS)_MP_RI:1350_IDENT:A+C",0.1,2676.420733,1027974,NA,"e10222ch"
"Uracil_(2TMS)_MP_RI:1350_IDENT:A+C",0.2,5352.841466,1118899,NA,"e10222ch"
"Uracil_(2TMS)_MP_RI:1350_IDENT:A+C",0.5,13382.103665,521623,NA,"e10222ch"
"Uracil_(2TMS)_MP_RI:1350_IDENT:A+C",1,-99,-99,-99,"e10222ch"
"Fumaric acid_(2TMS)_MP_RI:1366_IDENT:A+C",0.005,-99,-99,-99,"e10222ch"
"Fumaric acid_(2TMS)_MP_RI:1366_IDENT:A+C",0.01,-99,-99,-99,"e10222ch"
"Fumaric acid_(2TMS)_MP_RI:1366_IDENT:A+C",0.02,-99,-99,-99,"e10222ch"
"Fumaric acid_(2TMS)_MP_RI:1366_IDENT:A+C",0.05,1723.0981305,29190,NA,"e10222ch"
"Fumaric acid_(2TMS)_MP_RI:1366_IDENT:A+C",0.1,3446.196261,52791,NA,"e10222ch"
"Fumaric acid_(2TMS)_MP_RI:1366_IDENT:A+C",0.2,6892.392522,90442,NA,"e10222ch"
"Fumaric acid_(2TMS)_MP_RI:1366_IDENT:A+C",0.5,17230.981305,722161,NA,"e10222ch"
"Fumaric acid_(2TMS)_MP_RI:1366_IDENT:A+C",1,34461.96261,1539195,NA,"e10222ch"
"Alanine_(3TMS)_MP_RI:1367_IDENT:B+C",0.005,56.12302165,67163,NA,"e10222ch"
"Alanine_(3TMS)_MP_RI:1367_IDENT:B+C",0.01,112.2460433,19487,NA,"e10222ch"
"Alanine_(3TMS)_MP_RI:1367_IDENT:B+C",0.02,-99,-99,-99,"e10222ch"
"Alanine_(3TMS)_MP_RI:1367_IDENT:B+C",0.05,-99,-99,-99,"e10222ch"
"Alanine_(3TMS)_MP_RI:1367_IDENT:B+C",0.1,1122.460433,61794,NA,"e10222ch"
"Alanine_(3TMS)_MP_RI:1367_IDENT:B+C",0.2,2244.920866,89951,NA,"e10222ch"
"Alanine_(3TMS)_MP_RI:1367_IDENT:B+C",0.5,5612.302165,240906,NA,"e10222ch"
"Alanine_(3TMS)_MP_RI:1367_IDENT:B+C",1,11224.60433,739353,NA,"e10222ch"
"Serine_(3TMS)_MP_RI:1373_IDENT:C+D",0.005,-99,-99,-99,"e10222ch"
"Serine_(3TMS)_MP_RI:1373_IDENT:C+D",0.01,-99,-99,-99,"e10222ch"
"Serine_(3TMS)_MP_RI:1373_IDENT:C+D",0.02,-99,-99,-99,"e10222ch"
"Serine_(3TMS)_MP_RI:1373_IDENT:C+D",0.05,-99,-99,-99,"e10222ch"
"Serine_(3TMS)_MP_RI:1373_IDENT:C+D",0.1,11418.7839,45586,NA,"e10222ch"
"Serine_(3TMS)_MP_RI:1373_IDENT:C+D",0.2,22837.5678,94638,NA,"e10222ch"
"Serine_(3TMS)_MP_RI:1373_IDENT:C+D",0.5,57093.9195,496731,NA,"e10222ch"
"Serine_(3TMS)_MP_RI:1373_IDENT:C+D",1,114187.839,1089718,NA,"e10222ch"
"Threonine_(3TMS)_MP_RI:1397_IDENT:C+D",0.005,-99,-99,-99,"e10222ch"
"Threonine_(3TMS)_MP_RI:1397_IDENT:C+D",0.01,-99,-99,-99,"e10222ch"
"Threonine_(3TMS)_MP_RI:1397_IDENT:C+D",0.02,-99,-99,-99,"e10222ch"
"Threonine_(3TMS)_MP_RI:1397_IDENT:C+D",0.05,8394.895905,50811,NA,"e10222ch"
"Threonine_(3TMS)_MP_RI:1397_IDENT:C+D",0.1,16789.79181,102741,NA,"e10222ch"
"Threonine_(3TMS)_MP_RI:1397_IDENT:C+D",0.2,33579.58362,196283,NA,"e10222ch"
"Threonine_(3TMS)_MP_RI:1397_IDENT:C+D",0.5,83948.95905,1018060,NA,"e10222ch"
"Threonine_(3TMS)_MP_RI:1397_IDENT:C+D",1,167897.9181,2028668,NA,"e10222ch"
"Glutaric acid_(2TMS)_MP_RI:1418_IDENT:A+B",0.005,-99,-99,-99,"e10222ch"
"Glutaric acid_(2TMS)_MP_RI:1418_IDENT:A+B",0.01,-99,-99,-99,"e10222ch"
"Glutaric acid_(2TMS)_MP_RI:1418_IDENT:A+B",0.02,-99,-99,-99,"e10222ch"
"Glutaric acid_(2TMS)_MP_RI:1418_IDENT:A+B",0.05,-99,-99,-99,"e10222ch"
"Glutaric acid_(2TMS)_MP_RI:1418_IDENT:A+B",0.1,3422.313484,58258,NA,"e10222ch"
"Glutaric acid_(2TMS)_MP_RI:1418_IDENT:A+B",0.2,6844.626968,96018,NA,"e10222ch"
"Glutaric acid_(2TMS)_MP_RI:1418_IDENT:A+B",0.5,17111.56742,469967,NA,"e10222ch"
"Glutaric acid_(2TMS)_MP_RI:1418_IDENT:A+B",1,34223.13484,885655,NA,"e10222ch"
"Methionine_(1TMS)_BP_RI:1422_IDENT:C+D",0.005,-99,-99,-99,"e10222ch"
"Methionine_(1TMS)_BP_RI:1422_IDENT:C+D",0.01,-99,-99,-99,"e10222ch"
"Methionine_(1TMS)_BP_RI:1422_IDENT:C+D",0.02,134.0392735,35521,NA,"e10222ch"
"Methionine_(1TMS)_BP_RI:1422_IDENT:C+D",0.05,335.09818375,63089,NA,"e10222ch"
"Methionine_(1TMS)_BP_RI:1422_IDENT:C+D",0.1,670.1963675,120532,NA,"e10222ch"
"Methionine_(1TMS)_BP_RI:1422_IDENT:C+D",0.2,1340.392735,211941,NA,"e10222ch"
"Methionine_(1TMS)_BP_RI:1422_IDENT:C+D",0.5,3350.9818375,443527,NA,"e10222ch"
"Methionine_(1TMS)_BP_RI:1422_IDENT:C+D",1,6701.963675,458790,NA,"e10222ch"
"Alanine_ beta-_(3TMS)_MP_RI:1435_IDENT:A+D",0.005,-99,-99,-99,"e10222ch"
"Alanine_ beta-_(3TMS)_MP_RI:1435_IDENT:A+D",0.01,112.2460433,42298,NA,"e10222ch"
"Alanine_ beta-_(3TMS)_MP_RI:1435_IDENT:A+D",0.02,224.4920866,77350,NA,"e10222ch"
"Alanine_ beta-_(3TMS)_MP_RI:1435_IDENT:A+D",0.05,561.2302165,181725,NA,"e10222ch"
"Alanine_ beta-_(3TMS)_MP_RI:1435_IDENT:A+D",0.1,1122.460433,451594,NA,"e10222ch"
"Alanine_ beta-_(3TMS)_MP_RI:1435_IDENT:A+D",0.2,2244.920866,639962,NA,"e10222ch"
"Alanine_ beta-_(3TMS)_MP_RI:1435_IDENT:A+D",0.5,5612.302165,2432381,NA,"e10222ch"
"Alanine_ beta-_(3TMS)_MP_RI:1435_IDENT:A+D",1,11224.60433,4519420,NA,"e10222ch"
"Malic acid_(3TMS)_MP_RI:1487_IDENT:B+D",0.005,-99,-99,-99,"e10222ch"
"Malic acid_(3TMS)_MP_RI:1487_IDENT:B+D",0.01,-99,-99,-99,"e10222ch"
"Malic acid_(3TMS)_MP_RI:1487_IDENT:B+D",0.02,-99,-99,-99,"e10222ch"
"Malic acid_(3TMS)_MP_RI:1487_IDENT:B+D",0.05,-99,-99,-99,"e10222ch"
"Malic acid_(3TMS)_MP_RI:1487_IDENT:B+D",0.1,4474.606608,29355,NA,"e10222ch"
"Malic acid_(3TMS)_MP_RI:1487_IDENT:B+D",0.2,8949.213216,33184,NA,"e10222ch"
"Malic acid_(3TMS)_MP_RI:1487_IDENT:B+D",0.5,22373.03304,528972,NA,"e10222ch"
"Malic acid_(3TMS)_MP_RI:1487_IDENT:B+D",1,44746.06608,1100113,NA,"e10222ch"
"Methionine_(2TMS)_MP_RI:1516_IDENT:C+D",0.005,-99,-99,-99,"e10222ch"
"Methionine_(2TMS)_MP_RI:1516_IDENT:C+D",0.01,-99,-99,-99,"e10222ch"
"Methionine_(2TMS)_MP_RI:1516_IDENT:C+D",0.02,-99,-99,-99,"e10222ch"
"Methionine_(2TMS)_MP_RI:1516_IDENT:C+D",0.05,-99,-99,-99,"e10222ch"
"Methionine_(2TMS)_MP_RI:1516_IDENT:C+D",0.1,-99,-99,-99,"e10222ch"
"Methionine_(2TMS)_MP_RI:1516_IDENT:C+D",0.2,1340.392735,56417,NA,"e10222ch"
"Methionine_(2TMS)_MP_RI:1516_IDENT:C+D",0.5,3350.9818375,360018,NA,"e10222ch"
"Methionine_(2TMS)_MP_RI:1516_IDENT:C+D",1,6701.963675,903391,NA,"e10222ch"
"Pyroglutamic acid_(2TMS)_MP_RI:1518_IDENT:A+D",0.005,464.68401485,136728,NA,"e10222ch"
"Pyroglutamic acid_(2TMS)_MP_RI:1518_IDENT:A+D",0.01,929.3680297,89996,NA,"e10222ch"
"Pyroglutamic acid_(2TMS)_MP_RI:1518_IDENT:A+D",0.02,1858.7360594,126077,NA,"e10222ch"
"Pyroglutamic acid_(2TMS)_MP_RI:1518_IDENT:A+D",0.05,4646.8401485,187304,NA,"e10222ch"
"Pyroglutamic acid_(2TMS)_MP_RI:1518_IDENT:A+D",0.1,9293.680297,258758,NA,"e10222ch"
"Pyroglutamic acid_(2TMS)_MP_RI:1518_IDENT:A+D",0.2,18587.360594,397337,NA,"e10222ch"
"Pyroglutamic acid_(2TMS)_MP_RI:1518_IDENT:A+D",0.5,46468.401485,1496109,NA,"e10222ch"
"Pyroglutamic acid_(2TMS)_MP_RI:1518_IDENT:A+D",1,92936.80297,2818755,NA,"e10222ch"
"Butanoic acid_ 4-amino-_(3TMS)_MP_RI:1527_IDENT:A+C",0.005,-99,-99,-99,"e10222ch"
"Butanoic acid_ 4-amino-_(3TMS)_MP_RI:1527_IDENT:A+C",0.01,96.97439876,36321,NA,"e10222ch"
"Butanoic acid_ 4-amino-_(3TMS)_MP_RI:1527_IDENT:A+C",0.02,193.94879752,79766,NA,"e10222ch"
"Butanoic acid_ 4-amino-_(3TMS)_MP_RI:1527_IDENT:A+C",0.05,484.8719938,131067,NA,"e10222ch"
"Butanoic acid_ 4-amino-_(3TMS)_MP_RI:1527_IDENT:A+C",0.1,969.7439876,278797,NA,"e10222ch"
"Butanoic acid_ 4-amino-_(3TMS)_MP_RI:1527_IDENT:A+C",0.2,1939.4879752,407483,NA,"e10222ch"
"Butanoic acid_ 4-amino-_(3TMS)_MP_RI:1527_IDENT:A+C",0.5,4848.719938,1528562,NA,"e10222ch"
"Butanoic acid_ 4-amino-_(3TMS)_MP_RI:1527_IDENT:A+C",1,9697.439876,2986756,NA,"e10222ch"
"Creatinine_(3TMS)_MP_RI:1549_IDENT:B+C",0.005,-99,-99,-99,"e10222ch"
"Creatinine_(3TMS)_MP_RI:1549_IDENT:B+C",0.01,-99,-99,-99,"e10222ch"
"Creatinine_(3TMS)_MP_RI:1549_IDENT:B+C",0.02,-99,-99,-99,"e10222ch"
"Creatinine_(3TMS)_MP_RI:1549_IDENT:B+C",0.05,-99,-99,-99,"e10222ch"
"Creatinine_(3TMS)_MP_RI:1549_IDENT:B+C",0.1,4420.084866,67784,NA,"e10222ch"
"Creatinine_(3TMS)_MP_RI:1549_IDENT:B+C",0.2,8840.169732,109478,NA,"e10222ch"
"Creatinine_(3TMS)_MP_RI:1549_IDENT:B+C",0.5,22100.42433,375862,NA,"e10222ch"
"Creatinine_(3TMS)_MP_RI:1549_IDENT:B+C",1,44200.84866,820290,NA,"e10222ch"
"Serine_(4TMS)_BP_RI:1571_IDENT:C+D",0.005,-99,-99,-99,"e10222ch"
"Serine_(4TMS)_BP_RI:1571_IDENT:C+D",0.01,-99,-99,-99,"e10222ch"
"Serine_(4TMS)_BP_RI:1571_IDENT:C+D",0.02,-99,-99,-99,"e10222ch"
"Serine_(4TMS)_BP_RI:1571_IDENT:C+D",0.05,5709.39195,24175,NA,"e10222ch"
"Serine_(4TMS)_BP_RI:1571_IDENT:C+D",0.1,11418.7839,14844,NA,"e10222ch"
"Serine_(4TMS)_BP_RI:1571_IDENT:C+D",0.2,22837.5678,18053,NA,"e10222ch"
"Serine_(4TMS)_BP_RI:1571_IDENT:C+D",0.5,57093.9195,85179,NA,"e10222ch"
"Serine_(4TMS)_BP_RI:1571_IDENT:C+D",1,114187.839,209982,NA,"e10222ch"
"Hypotaurine_(3TMS)_MP_RI:1597_IDENT:A+C",0.005,-99,-99,-99,"e10222ch"
"Hypotaurine_(3TMS)_MP_RI:1597_IDENT:A+C",0.01,183.2340815,47235,NA,"e10222ch"
"Hypotaurine_(3TMS)_MP_RI:1597_IDENT:A+C",0.02,366.468163,66421,NA,"e10222ch"
"Hypotaurine_(3TMS)_MP_RI:1597_IDENT:A+C",0.05,916.1704075,181759,NA,"e10222ch"
"Hypotaurine_(3TMS)_MP_RI:1597_IDENT:A+C",0.1,1832.340815,406578,NA,"e10222ch"
"Hypotaurine_(3TMS)_MP_RI:1597_IDENT:A+C",0.2,3664.68163,547257,NA,"e10222ch"
"Hypotaurine_(3TMS)_MP_RI:1597_IDENT:A+C",0.5,9161.704075,1776901,NA,"e10222ch"
"Hypotaurine_(3TMS)_MP_RI:1597_IDENT:A+C",1,18323.40815,3475828,NA,"e10222ch"
"Cytosine_(3TMS)_BP_RI:1629_IDENT:A+B",0.005,45.00450045,28013,NA,"e10222ch"
"Cytosine_(3TMS)_BP_RI:1629_IDENT:A+B",0.01,90.0090009,9972,NA,"e10222ch"
"Cytosine_(3TMS)_BP_RI:1629_IDENT:A+B",0.02,180.0180018,7777,NA,"e10222ch"
"Cytosine_(3TMS)_BP_RI:1629_IDENT:A+B",0.05,450.0450045,40181,NA,"e10222ch"
"Cytosine_(3TMS)_BP_RI:1629_IDENT:A+B",0.1,900.090009,16128,NA,"e10222ch"
"Cytosine_(3TMS)_BP_RI:1629_IDENT:A+B",0.2,1800.180018,11106,NA,"e10222ch"
"Cytosine_(3TMS)_BP_RI:1629_IDENT:A+B",0.5,4500.450045,67296,NA,"e10222ch"
"Cytosine_(3TMS)_BP_RI:1629_IDENT:A+B",1,-99,-99,-99,"e10222ch"
"Putrescine_(4TMS)_MP_RI:1730_IDENT:A+D",0.005,31.042403925,15535,NA,"e10222ch"
"Putrescine_(4TMS)_MP_RI:1730_IDENT:A+D",0.01,62.08480785,49940,NA,"e10222ch"
"Putrescine_(4TMS)_MP_RI:1730_IDENT:A+D",0.02,124.1696157,71671,NA,"e10222ch"
"Putrescine_(4TMS)_MP_RI:1730_IDENT:A+D",0.05,310.42403925,188905,NA,"e10222ch"
"Putrescine_(4TMS)_MP_RI:1730_IDENT:A+D",0.1,620.8480785,427867,NA,"e10222ch"
"Putrescine_(4TMS)_MP_RI:1730_IDENT:A+D",0.2,1241.696157,644959,NA,"e10222ch"
"Putrescine_(4TMS)_MP_RI:1730_IDENT:A+D",0.5,3104.2403925,2469747,NA,"e10222ch"
"Putrescine_(4TMS)_MP_RI:1730_IDENT:A+D",1,6208.480785,4822687,NA,"e10222ch"
"Glutamine_(3TMS)_MP_RI:1770_IDENT:C+D",0.005,684.2753525,5007,NA,"e10222ch"
"Glutamine_(3TMS)_MP_RI:1770_IDENT:C+D",0.01,1368.550705,3353,NA,"e10222ch"
"Glutamine_(3TMS)_MP_RI:1770_IDENT:C+D",0.02,2737.10141,9468,NA,"e10222ch"
"Glutamine_(3TMS)_MP_RI:1770_IDENT:C+D",0.05,6842.753525,14318,NA,"e10222ch"
"Glutamine_(3TMS)_MP_RI:1770_IDENT:C+D",0.1,13685.50705,5070,NA,"e10222ch"
"Glutamine_(3TMS)_MP_RI:1770_IDENT:C+D",0.2,27371.0141,11954,NA,"e10222ch"
"Glutamine_(3TMS)_MP_RI:1770_IDENT:C+D",0.5,68427.53525,22855,NA,"e10222ch"
"Glutamine_(3TMS)_MP_RI:1770_IDENT:C+D",1,136855.0705,1426,NA,"e10222ch"
"Citric acid_(4TMS)_MP_RI:1814_IDENT:B+D",0.005,-99,-99,-99,"e10222ch"
"Citric acid_(4TMS)_MP_RI:1814_IDENT:B+D",0.01,-99,-99,-99,"e10222ch"
"Citric acid_(4TMS)_MP_RI:1814_IDENT:B+D",0.02,-99,-99,-99,"e10222ch"
"Citric acid_(4TMS)_MP_RI:1814_IDENT:B+D",0.05,-99,-99,-99,"e10222ch"
"Citric acid_(4TMS)_MP_RI:1814_IDENT:B+D",0.1,-99,-99,-99,"e10222ch"
"Citric acid_(4TMS)_MP_RI:1814_IDENT:B+D",0.2,10410.160316,25336,NA,"e10222ch"
"Citric acid_(4TMS)_MP_RI:1814_IDENT:B+D",0.5,26025.40079,662570,NA,"e10222ch"
"Citric acid_(4TMS)_MP_RI:1814_IDENT:B+D",1,52050.80158,1568390,NA,"e10222ch"
"Lysine_(3TMS)_BP_RI:1849_IDENT:A+C",0.005,-99,-99,-99,"e10222ch"
"Lysine_(3TMS)_BP_RI:1849_IDENT:A+C",0.01,205.3107035,20467,NA,"e10222ch"
"Lysine_(3TMS)_BP_RI:1849_IDENT:A+C",0.02,410.621407,33763,NA,"e10222ch"
"Lysine_(3TMS)_BP_RI:1849_IDENT:A+C",0.05,1026.5535175,75204,NA,"e10222ch"
"Lysine_(3TMS)_BP_RI:1849_IDENT:A+C",0.1,2053.107035,144674,NA,"e10222ch"
"Lysine_(3TMS)_BP_RI:1849_IDENT:A+C",0.2,4106.21407,221501,NA,"e10222ch"
"Lysine_(3TMS)_BP_RI:1849_IDENT:A+C",0.5,10265.535175,711932,NA,"e10222ch"
"Lysine_(3TMS)_BP_RI:1849_IDENT:A+C",1,20531.07035,1368099,NA,"e10222ch"
"Fructose_(1MEOX)(5TMS)_MP_RI:1862_IDENT:B+C",0.005,65.76783955,22702,NA,"e10222ch"
"Fructose_(1MEOX)(5TMS)_MP_RI:1862_IDENT:B+C",0.01,131.5356791,62501,NA,"e10222ch"
"Fructose_(1MEOX)(5TMS)_MP_RI:1862_IDENT:B+C",0.02,263.0713582,82716,NA,"e10222ch"
"Fructose_(1MEOX)(5TMS)_MP_RI:1862_IDENT:B+C",0.05,657.6783955,195338,NA,"e10222ch"
"Fructose_(1MEOX)(5TMS)_MP_RI:1862_IDENT:B+C",0.1,1315.356791,412175,NA,"e10222ch"
"Fructose_(1MEOX)(5TMS)_MP_RI:1862_IDENT:B+C",0.2,2630.713582,503194,NA,"e10222ch"
"Fructose_(1MEOX)(5TMS)_MP_RI:1862_IDENT:B+C",0.5,6576.783955,2149243,NA,"e10222ch"
"Fructose_(1MEOX)(5TMS)_MP_RI:1862_IDENT:B+C",1,13153.56791,3893112,NA,"e10222ch"
"Adenine_(2TMS)_MP_RI:1866_IDENT:C+D",0.005,37.001406055,13574,NA,"e10222ch"
"Adenine_(2TMS)_MP_RI:1866_IDENT:C+D",0.01,-99,-99,-99,"e10222ch"
"Adenine_(2TMS)_MP_RI:1866_IDENT:C+D",0.02,-99,-99,-99,"e10222ch"
"Adenine_(2TMS)_MP_RI:1866_IDENT:C+D",0.05,370.01406055,17734,NA,"e10222ch"
"Adenine_(2TMS)_MP_RI:1866_IDENT:C+D",0.1,740.0281211,36365,NA,"e10222ch"
"Adenine_(2TMS)_MP_RI:1866_IDENT:C+D",0.2,1480.0562422,94825,NA,"e10222ch"
"Adenine_(2TMS)_MP_RI:1866_IDENT:C+D",0.5,3700.1406055,769746,NA,"e10222ch"
"Adenine_(2TMS)_MP_RI:1866_IDENT:C+D",1,7400.281211,1842046,NA,"e10222ch"
"Fructose_(1MEOX)(5TMS)_BP_RI:1872_IDENT:B+C",0.005,65.76783955,21098,NA,"e10222ch"
"Fructose_(1MEOX)(5TMS)_BP_RI:1872_IDENT:B+C",0.01,131.5356791,51874,NA,"e10222ch"
"Fructose_(1MEOX)(5TMS)_BP_RI:1872_IDENT:B+C",0.02,263.0713582,79777,NA,"e10222ch"
"Fructose_(1MEOX)(5TMS)_BP_RI:1872_IDENT:B+C",0.05,657.6783955,155823,NA,"e10222ch"
"Fructose_(1MEOX)(5TMS)_BP_RI:1872_IDENT:B+C",0.1,1315.356791,311122,NA,"e10222ch"
"Fructose_(1MEOX)(5TMS)_BP_RI:1872_IDENT:B+C",0.2,2630.713582,400101,NA,"e10222ch"
"Fructose_(1MEOX)(5TMS)_BP_RI:1872_IDENT:B+C",0.5,6576.783955,1604348,NA,"e10222ch"
"Fructose_(1MEOX)(5TMS)_BP_RI:1872_IDENT:B+C",1,13153.56791,3050028,NA,"e10222ch"
"Tyrosine_(2TMS)_BP_RI:1883_IDENT:B+D",0.005,55.1906838,22226,NA,"e10222ch"
"Tyrosine_(2TMS)_BP_RI:1883_IDENT:B+D",0.01,110.3813676,24429,NA,"e10222ch"
"Tyrosine_(2TMS)_BP_RI:1883_IDENT:B+D",0.02,220.7627352,77726,NA,"e10222ch"
"Tyrosine_(2TMS)_BP_RI:1883_IDENT:B+D",0.05,551.906838,149933,NA,"e10222ch"
"Tyrosine_(2TMS)_BP_RI:1883_IDENT:B+D",0.1,1103.813676,241932,NA,"e10222ch"
"Tyrosine_(2TMS)_BP_RI:1883_IDENT:B+D",0.2,2207.627352,412593,NA,"e10222ch"
"Tyrosine_(2TMS)_BP_RI:1883_IDENT:B+D",0.5,5519.06838,1122168,NA,"e10222ch"
"Tyrosine_(2TMS)_BP_RI:1883_IDENT:B+D",1,11038.13676,1782277,NA,"e10222ch"
"Glucose_(1MEOX)(5TMS)_MP_RI:1886_IDENT:B+D",0.005,-99,-99,-99,"e10222ch"
"Glucose_(1MEOX)(5TMS)_MP_RI:1886_IDENT:B+D",0.01,-99,-99,-99,"e10222ch"
"Glucose_(1MEOX)(5TMS)_MP_RI:1886_IDENT:B+D",0.02,-99,-99,-99,"e10222ch"
"Glucose_(1MEOX)(5TMS)_MP_RI:1886_IDENT:B+D",0.05,-99,-99,-99,"e10222ch"
"Glucose_(1MEOX)(5TMS)_MP_RI:1886_IDENT:B+D",0.1,3288.391976,45649,NA,"e10222ch"
"Glucose_(1MEOX)(5TMS)_MP_RI:1886_IDENT:B+D",0.2,6576.783952,31949,NA,"e10222ch"
"Glucose_(1MEOX)(5TMS)_MP_RI:1886_IDENT:B+D",0.5,16441.95988,119718,NA,"e10222ch"
"Glucose_(1MEOX)(5TMS)_MP_RI:1886_IDENT:B+D",1,32883.91976,190541,NA,"e10222ch"
"Glucose_(1MEOX)(5TMS)_BP_RI:1904_IDENT:B+D",0.005,-99,-99,-99,"e10222ch"
"Glucose_(1MEOX)(5TMS)_BP_RI:1904_IDENT:B+D",0.01,-99,-99,-99,"e10222ch"
"Glucose_(1MEOX)(5TMS)_BP_RI:1904_IDENT:B+D",0.02,-99,-99,-99,"e10222ch"
"Glucose_(1MEOX)(5TMS)_BP_RI:1904_IDENT:B+D",0.05,1644.195988,194881,NA,"e10222ch"
"Glucose_(1MEOX)(5TMS)_BP_RI:1904_IDENT:B+D",0.1,3288.391976,244719,NA,"e10222ch"
"Glucose_(1MEOX)(5TMS)_BP_RI:1904_IDENT:B+D",0.2,6576.783952,282598,NA,"e10222ch"
"Glucose_(1MEOX)(5TMS)_BP_RI:1904_IDENT:B+D",0.5,16441.95988,1049223,NA,"e10222ch"
"Glucose_(1MEOX)(5TMS)_BP_RI:1904_IDENT:B+D",1,32883.91976,1886673,NA,"e10222ch"
"Glucosamine_(1MEOX)(5TMS)_MP_RI:1932_IDENT:A+B",0.005,-99,-99,-99,"e10222ch"
"Glucosamine_(1MEOX)(5TMS)_MP_RI:1932_IDENT:A+B",0.01,-99,-99,-99,"e10222ch"
"Glucosamine_(1MEOX)(5TMS)_MP_RI:1932_IDENT:A+B",0.02,-99,-99,-99,"e10222ch"
"Glucosamine_(1MEOX)(5TMS)_MP_RI:1932_IDENT:A+B",0.05,-99,-99,-99,"e10222ch"
"Glucosamine_(1MEOX)(5TMS)_MP_RI:1932_IDENT:A+B",0.1,463.7573621,39996,NA,"e10222ch"
"Glucosamine_(1MEOX)(5TMS)_MP_RI:1932_IDENT:A+B",0.2,927.5147242,53902,NA,"e10222ch"
"Glucosamine_(1MEOX)(5TMS)_MP_RI:1932_IDENT:A+B",0.5,2318.7868105,347544,NA,"e10222ch"
"Glucosamine_(1MEOX)(5TMS)_MP_RI:1932_IDENT:A+B",1,4637.573621,780012,NA,"e10222ch"
"Tyrosine_(3TMS)_MP_RI:1933_IDENT:B+D",0.005,-99,-99,-99,"e10222ch"
"Tyrosine_(3TMS)_MP_RI:1933_IDENT:B+D",0.01,-99,-99,-99,"e10222ch"
"Tyrosine_(3TMS)_MP_RI:1933_IDENT:B+D",0.02,-99,-99,-99,"e10222ch"
"Tyrosine_(3TMS)_MP_RI:1933_IDENT:B+D",0.05,-99,-99,-99,"e10222ch"
"Tyrosine_(3TMS)_MP_RI:1933_IDENT:B+D",0.1,1103.813676,39223,NA,"e10222ch"
"Tyrosine_(3TMS)_MP_RI:1933_IDENT:B+D",0.2,2207.627352,59587,NA,"e10222ch"
"Tyrosine_(3TMS)_MP_RI:1933_IDENT:B+D",0.5,5519.06838,319704,NA,"e10222ch"
"Tyrosine_(3TMS)_MP_RI:1933_IDENT:B+D",1,11038.13676,599645,NA,"e10222ch"
"Pantothenic acid_(3TMS)_MP_RI:1993_IDENT:A+D",0.005,-99,-99,-99,"e10222ch"
"Pantothenic acid_(3TMS)_MP_RI:1993_IDENT:A+D",0.01,-99,-99,-99,"e10222ch"
"Pantothenic acid_(3TMS)_MP_RI:1993_IDENT:A+D",0.02,-99,-99,-99,"e10222ch"
"Pantothenic acid_(3TMS)_MP_RI:1993_IDENT:A+D",0.05,839.4015065,8284,NA,"e10222ch"
"Pantothenic acid_(3TMS)_MP_RI:1993_IDENT:A+D",0.1,1678.803013,39213,NA,"e10222ch"
"Pantothenic acid_(3TMS)_MP_RI:1993_IDENT:A+D",0.2,3357.606026,27257,NA,"e10222ch"
"Pantothenic acid_(3TMS)_MP_RI:1993_IDENT:A+D",0.5,8394.015065,93406,NA,"e10222ch"
"Pantothenic acid_(3TMS)_MP_RI:1993_IDENT:A+D",1,16788.03013,186870,NA,"e10222ch"
"Glucose-1/6-phosphate_(1MEOX)(6TMS)_MP_RI:2316_IDENT:C+D/A+B",0.005,-99,-99,-99,"e10222ch"
"Glucose-1/6-phosphate_(1MEOX)(6TMS)_MP_RI:2316_IDENT:C+D/A+B",0.01,-99,-99,-99,"e10222ch"
"Glucose-1/6-phosphate_(1MEOX)(6TMS)_MP_RI:2316_IDENT:C+D/A+B",0.02,-99,-99,-99,"e10222ch"
"Glucose-1/6-phosphate_(1MEOX)(6TMS)_MP_RI:2316_IDENT:C+D/A+B",0.05,-99,-99,-99,"e10222ch"
"Glucose-1/6-phosphate_(1MEOX)(6TMS)_MP_RI:2316_IDENT:C+D/A+B",0.1,0.1,21072,NA,"e10222ch"
"Glucose-1/6-phosphate_(1MEOX)(6TMS)_MP_RI:2316_IDENT:C+D/A+B",0.2,0.2,54368,NA,"e10222ch"
"Glucose-1/6-phosphate_(1MEOX)(6TMS)_MP_RI:2316_IDENT:C+D/A+B",0.5,0.5,245257,NA,"e10222ch"
"Glucose-1/6-phosphate_(1MEOX)(6TMS)_MP_RI:2316_IDENT:C+D/A+B",1,1,396559,NA,"e10222ch"
"Pyruvic acid_(1MEOX)(1TMS)_MP_RI:1045_IDENT:A+D",0.005,-99,-99,-99,"e10223ch"
"Pyruvic acid_(1MEOX)(1TMS)_MP_RI:1045_IDENT:A+D",0.01,-99,-99,-99,"e10223ch"
"Pyruvic acid_(1MEOX)(1TMS)_MP_RI:1045_IDENT:A+D",0.02,-99,-99,-99,"e10223ch"
"Pyruvic acid_(1MEOX)(1TMS)_MP_RI:1045_IDENT:A+D",0.05,14540.16721,61093,NA,"e10223ch"
"Pyruvic acid_(1MEOX)(1TMS)_MP_RI:1045_IDENT:A+D",0.1,29080.33442,169596,NA,"e10223ch"
"Pyruvic acid_(1MEOX)(1TMS)_MP_RI:1045_IDENT:A+D",0.2,58160.66884,331834,NA,"e10223ch"
"Pyruvic acid_(1MEOX)(1TMS)_MP_RI:1045_IDENT:A+D",0.5,145401.6721,916261,NA,"e10223ch"
"Pyruvic acid_(1MEOX)(1TMS)_MP_RI:1045_IDENT:A+D",1,290803.3442,1920391,NA,"e10223ch"
"Lactic acid_(2TMS)_MP_RI:1055_IDENT:B+C",0.005,2230.9477065,935035,NA,"e10223ch"
"Lactic acid_(2TMS)_MP_RI:1055_IDENT:B+C",0.01,4461.895413,615823,NA,"e10223ch"
"Lactic acid_(2TMS)_MP_RI:1055_IDENT:B+C",0.02,8923.790826,901925,NA,"e10223ch"
"Lactic acid_(2TMS)_MP_RI:1055_IDENT:B+C",0.05,22309.477065,532197,NA,"e10223ch"
"Lactic acid_(2TMS)_MP_RI:1055_IDENT:B+C",0.1,44618.95413,835813,NA,"e10223ch"
"Lactic acid_(2TMS)_MP_RI:1055_IDENT:B+C",0.2,89237.90826,1161567,NA,"e10223ch"
"Lactic acid_(2TMS)_MP_RI:1055_IDENT:B+C",0.5,223094.77065,1771481,NA,"e10223ch"
"Lactic acid_(2TMS)_MP_RI:1055_IDENT:B+C",1,446189.5413,3332316,NA,"e10223ch"
"Valine_(1TMS)_BP_RI:1084_IDENT:B+D",0.005,-99,-99,-99,"e10223ch"
"Valine_(1TMS)_BP_RI:1084_IDENT:B+D",0.01,-99,-99,-99,"e10223ch"
"Valine_(1TMS)_BP_RI:1084_IDENT:B+D",0.02,853.6064874,3356,NA,"e10223ch"
"Valine_(1TMS)_BP_RI:1084_IDENT:B+D",0.05,2134.0162185,17124,NA,"e10223ch"
"Valine_(1TMS)_BP_RI:1084_IDENT:B+D",0.1,4268.032437,22540,NA,"e10223ch"
"Valine_(1TMS)_BP_RI:1084_IDENT:B+D",0.2,8536.064874,45289,NA,"e10223ch"
"Valine_(1TMS)_BP_RI:1084_IDENT:B+D",0.5,21340.162185,100009,NA,"e10223ch"
"Valine_(1TMS)_BP_RI:1084_IDENT:B+D",1,42680.32437,178378,NA,"e10223ch"
"Alanine_(2TMS)_BP_RI:1097_IDENT:B+C",0.005,-99,-99,-99,"e10223ch"
"Alanine_(2TMS)_BP_RI:1097_IDENT:B+C",0.01,112.2460433,195610,NA,"e10223ch"
"Alanine_(2TMS)_BP_RI:1097_IDENT:B+C",0.02,224.4920866,169026,NA,"e10223ch"
"Alanine_(2TMS)_BP_RI:1097_IDENT:B+C",0.05,561.2302165,209416,NA,"e10223ch"
"Alanine_(2TMS)_BP_RI:1097_IDENT:B+C",0.1,1122.460433,300347,NA,"e10223ch"
"Alanine_(2TMS)_BP_RI:1097_IDENT:B+C",0.2,2244.920866,526155,NA,"e10223ch"
"Alanine_(2TMS)_BP_RI:1097_IDENT:B+C",0.5,5612.302165,1268864,NA,"e10223ch"
"Alanine_(2TMS)_BP_RI:1097_IDENT:B+C",1,11224.60433,2891751,NA,"e10223ch"
"Glycine_(2TMS)_BP_RI:1117_IDENT:A+C",0.005,-99,-99,-99,"e10223ch"
"Glycine_(2TMS)_BP_RI:1117_IDENT:A+C",0.01,-99,-99,-99,"e10223ch"
"Glycine_(2TMS)_BP_RI:1117_IDENT:A+C",0.02,-99,-99,-99,"e10223ch"
"Glycine_(2TMS)_BP_RI:1117_IDENT:A+C",0.05,-99,-99,-99,"e10223ch"
"Glycine_(2TMS)_BP_RI:1117_IDENT:A+C",0.1,6660.450246,31176,NA,"e10223ch"
"Glycine_(2TMS)_BP_RI:1117_IDENT:A+C",0.2,13320.900492,80517,NA,"e10223ch"
"Glycine_(2TMS)_BP_RI:1117_IDENT:A+C",0.5,33302.25123,145202,NA,"e10223ch"
"Glycine_(2TMS)_BP_RI:1117_IDENT:A+C",1,66604.50246,302354,NA,"e10223ch"
"Leucine_(1TMS)_BP_RI:1153_IDENT:B+C",0.005,-99,-99,-99,"e10223ch"
"Leucine_(1TMS)_BP_RI:1153_IDENT:B+C",0.01,-99,-99,-99,"e10223ch"
"Leucine_(1TMS)_BP_RI:1153_IDENT:B+C",0.02,1829.6866662,30280,NA,"e10223ch"
"Leucine_(1TMS)_BP_RI:1153_IDENT:B+C",0.05,4574.2166655,67602,NA,"e10223ch"
"Leucine_(1TMS)_BP_RI:1153_IDENT:B+C",0.1,9148.433331,106485,NA,"e10223ch"
"Leucine_(1TMS)_BP_RI:1153_IDENT:B+C",0.2,18296.866662,252617,NA,"e10223ch"
"Leucine_(1TMS)_BP_RI:1153_IDENT:B+C",0.5,45742.166655,497646,NA,"e10223ch"
"Leucine_(1TMS)_BP_RI:1153_IDENT:B+C",1,91484.33331,1093242,NA,"e10223ch"
"Valine_(2TMS)_MP_RI:1212_IDENT:B+D",0.005,213.40162185,25563,NA,"e10223ch"
"Valine_(2TMS)_MP_RI:1212_IDENT:B+D",0.01,426.8032437,28581,NA,"e10223ch"
"Valine_(2TMS)_MP_RI:1212_IDENT:B+D",0.02,853.6064874,29921,NA,"e10223ch"
"Valine_(2TMS)_MP_RI:1212_IDENT:B+D",0.05,2134.0162185,71914,NA,"e10223ch"
"Valine_(2TMS)_MP_RI:1212_IDENT:B+D",0.1,4268.032437,234953,NA,"e10223ch"
"Valine_(2TMS)_MP_RI:1212_IDENT:B+D",0.2,8536.064874,451535,NA,"e10223ch"
"Valine_(2TMS)_MP_RI:1212_IDENT:B+D",0.5,21340.162185,1128059,NA,"e10223ch"
"Valine_(2TMS)_MP_RI:1212_IDENT:B+D",1,42680.32437,2466257,NA,"e10223ch"
"Leucine_(2TMS)_MP_RI:1277_IDENT:B+C",0.005,-99,-99,-99,"e10223ch"
"Leucine_(2TMS)_MP_RI:1277_IDENT:B+C",0.01,-99,-99,-99,"e10223ch"
"Leucine_(2TMS)_MP_RI:1277_IDENT:B+C",0.02,1829.6866662,199029,NA,"e10223ch"
"Leucine_(2TMS)_MP_RI:1277_IDENT:B+C",0.05,4574.2166655,202264,NA,"e10223ch"
"Leucine_(2TMS)_MP_RI:1277_IDENT:B+C",0.1,9148.433331,208191,NA,"e10223ch"
"Leucine_(2TMS)_MP_RI:1277_IDENT:B+C",0.2,18296.866662,310905,NA,"e10223ch"
"Leucine_(2TMS)_MP_RI:1277_IDENT:B+C",0.5,45742.166655,692904,NA,"e10223ch"
"Leucine_(2TMS)_MP_RI:1277_IDENT:B+C",1,91484.33331,1573479,NA,"e10223ch"
"Glycerol_(3TMS)_MP_RI:1280_IDENT:C+D",0.005,134.9819124,279182,NA,"e10223ch"
"Glycerol_(3TMS)_MP_RI:1280_IDENT:C+D",0.01,269.9638248,156996,NA,"e10223ch"
"Glycerol_(3TMS)_MP_RI:1280_IDENT:C+D",0.02,539.9276496,209249,NA,"e10223ch"
"Glycerol_(3TMS)_MP_RI:1280_IDENT:C+D",0.05,1349.819124,132406,NA,"e10223ch"
"Glycerol_(3TMS)_MP_RI:1280_IDENT:C+D",0.1,2699.638248,314888,NA,"e10223ch"
"Glycerol_(3TMS)_MP_RI:1280_IDENT:C+D",0.2,5399.276496,201229,NA,"e10223ch"
"Glycerol_(3TMS)_MP_RI:1280_IDENT:C+D",0.5,13498.19124,231497,NA,"e10223ch"
"Glycerol_(3TMS)_MP_RI:1280_IDENT:C+D",1,26996.38248,272120,NA,"e10223ch"
"Threonine_(2TMS)_BP_RI:1303_IDENT:C+D",0.005,-99,-99,-99,"e10223ch"
"Threonine_(2TMS)_BP_RI:1303_IDENT:C+D",0.01,-99,-99,-99,"e10223ch"
"Threonine_(2TMS)_BP_RI:1303_IDENT:C+D",0.02,-99,-99,-99,"e10223ch"
"Threonine_(2TMS)_BP_RI:1303_IDENT:C+D",0.05,-99,-99,-99,"e10223ch"
"Threonine_(2TMS)_BP_RI:1303_IDENT:C+D",0.1,16789.79181,104757,NA,"e10223ch"
"Threonine_(2TMS)_BP_RI:1303_IDENT:C+D",0.2,33579.58362,180796,NA,"e10223ch"
"Threonine_(2TMS)_BP_RI:1303_IDENT:C+D",0.5,83948.95905,467662,NA,"e10223ch"
"Threonine_(2TMS)_BP_RI:1303_IDENT:C+D",1,167897.9181,794561,NA,"e10223ch"
"Proline_(2TMS)_MP_RI:1305_IDENT:A+B",0.005,-99,-99,-99,"e10223ch"
"Proline_(2TMS)_MP_RI:1305_IDENT:A+B",0.01,-99,-99,-99,"e10223ch"
"Proline_(2TMS)_MP_RI:1305_IDENT:A+B",0.02,-99,-99,-99,"e10223ch"
"Proline_(2TMS)_MP_RI:1305_IDENT:A+B",0.05,-99,-99,-99,"e10223ch"
"Proline_(2TMS)_MP_RI:1305_IDENT:A+B",0.1,6080.083384,43359,NA,"e10223ch"
"Proline_(2TMS)_MP_RI:1305_IDENT:A+B",0.2,12160.166768,127333,NA,"e10223ch"
"Proline_(2TMS)_MP_RI:1305_IDENT:A+B",0.5,30400.41692,400538,NA,"e10223ch"
"Proline_(2TMS)_MP_RI:1305_IDENT:A+B",1,60800.83384,1097253,NA,"e10223ch"
"Glycine_(3TMS)_MP_RI:1314_IDENT:A+C",0.005,333.0225123,51794,NA,"e10223ch"
"Glycine_(3TMS)_MP_RI:1314_IDENT:A+C",0.01,666.0450246,82848,NA,"e10223ch"
"Glycine_(3TMS)_MP_RI:1314_IDENT:A+C",0.02,1332.0900492,169866,NA,"e10223ch"
"Glycine_(3TMS)_MP_RI:1314_IDENT:A+C",0.05,3330.225123,302827,NA,"e10223ch"
"Glycine_(3TMS)_MP_RI:1314_IDENT:A+C",0.1,6660.450246,768008,NA,"e10223ch"
"Glycine_(3TMS)_MP_RI:1314_IDENT:A+C",0.2,13320.900492,1383614,NA,"e10223ch"
"Glycine_(3TMS)_MP_RI:1314_IDENT:A+C",0.5,33302.25123,3379207,NA,"e10223ch"
"Glycine_(3TMS)_MP_RI:1314_IDENT:A+C",1,66604.50246,7790381,NA,"e10223ch"
"Succinic acid_(2TMS)_MP_RI:1327_IDENT:A+D",0.005,-99,-99,-99,"e10223ch"
"Succinic acid_(2TMS)_MP_RI:1327_IDENT:A+D",0.01,-99,-99,-99,"e10223ch"
"Succinic acid_(2TMS)_MP_RI:1327_IDENT:A+D",0.02,-99,-99,-99,"e10223ch"
"Succinic acid_(2TMS)_MP_RI:1327_IDENT:A+D",0.05,2117.0293845,14701,NA,"e10223ch"
"Succinic acid_(2TMS)_MP_RI:1327_IDENT:A+D",0.1,4234.058769,42880,NA,"e10223ch"
"Succinic acid_(2TMS)_MP_RI:1327_IDENT:A+D",0.2,8468.117538,102249,NA,"e10223ch"
"Succinic acid_(2TMS)_MP_RI:1327_IDENT:A+D",0.5,21170.293845,367933,NA,"e10223ch"
"Succinic acid_(2TMS)_MP_RI:1327_IDENT:A+D",1,42340.58769,920991,NA,"e10223ch"
"Glyceric acid_(3TMS)_MP_RI:1342_IDENT:A+B",0.005,-99,-99,-99,"e10223ch"
"Glyceric acid_(3TMS)_MP_RI:1342_IDENT:A+B",0.01,-99,-99,-99,"e10223ch"
"Glyceric acid_(3TMS)_MP_RI:1342_IDENT:A+B",0.02,-99,-99,-99,"e10223ch"
"Glyceric acid_(3TMS)_MP_RI:1342_IDENT:A+B",0.05,2173.9130435,44414,NA,"e10223ch"
"Glyceric acid_(3TMS)_MP_RI:1342_IDENT:A+B",0.1,-99,-99,-99,"e10223ch"
"Glyceric acid_(3TMS)_MP_RI:1342_IDENT:A+B",0.2,8695.652174,34846,NA,"e10223ch"
"Glyceric acid_(3TMS)_MP_RI:1342_IDENT:A+B",0.5,21739.130435,48708,NA,"e10223ch"
"Glyceric acid_(3TMS)_MP_RI:1342_IDENT:A+B",1,43478.26087,117438,NA,"e10223ch"
"Uracil_(2TMS)_MP_RI:1350_IDENT:A+C",0.005,133.82103665,1914495,NA,"e10223ch"
"Uracil_(2TMS)_MP_RI:1350_IDENT:A+C",0.01,267.6420733,1666342,NA,"e10223ch"
"Uracil_(2TMS)_MP_RI:1350_IDENT:A+C",0.02,535.2841466,1425295,NA,"e10223ch"
"Uracil_(2TMS)_MP_RI:1350_IDENT:A+C",0.05,1338.2103665,1142431,NA,"e10223ch"
"Uracil_(2TMS)_MP_RI:1350_IDENT:A+C",0.1,-99,-99,-99,"e10223ch"
"Uracil_(2TMS)_MP_RI:1350_IDENT:A+C",0.2,5352.841466,644123,NA,"e10223ch"
"Uracil_(2TMS)_MP_RI:1350_IDENT:A+C",0.5,13382.103665,1163450,NA,"e10223ch"
"Uracil_(2TMS)_MP_RI:1350_IDENT:A+C",1,-99,-99,-99,"e10223ch"
"Fumaric acid_(2TMS)_MP_RI:1366_IDENT:A+C",0.005,-99,-99,-99,"e10223ch"
"Fumaric acid_(2TMS)_MP_RI:1366_IDENT:A+C",0.01,-99,-99,-99,"e10223ch"
"Fumaric acid_(2TMS)_MP_RI:1366_IDENT:A+C",0.02,-99,-99,-99,"e10223ch"
"Fumaric acid_(2TMS)_MP_RI:1366_IDENT:A+C",0.05,-99,-99,-99,"e10223ch"
"Fumaric acid_(2TMS)_MP_RI:1366_IDENT:A+C",0.1,3446.196261,56846,NA,"e10223ch"
"Fumaric acid_(2TMS)_MP_RI:1366_IDENT:A+C",0.2,6892.392522,118263,NA,"e10223ch"
"Fumaric acid_(2TMS)_MP_RI:1366_IDENT:A+C",0.5,17230.981305,516294,NA,"e10223ch"
"Fumaric acid_(2TMS)_MP_RI:1366_IDENT:A+C",1,34461.96261,1561462,NA,"e10223ch"
"Alanine_(3TMS)_MP_RI:1367_IDENT:B+C",0.005,-99,-99,-99,"e10223ch"
"Alanine_(3TMS)_MP_RI:1367_IDENT:B+C",0.01,-99,-99,-99,"e10223ch"
"Alanine_(3TMS)_MP_RI:1367_IDENT:B+C",0.02,-99,-99,-99,"e10223ch"
"Alanine_(3TMS)_MP_RI:1367_IDENT:B+C",0.05,-99,-99,-99,"e10223ch"
"Alanine_(3TMS)_MP_RI:1367_IDENT:B+C",0.1,-99,-99,-99,"e10223ch"
"Alanine_(3TMS)_MP_RI:1367_IDENT:B+C",0.2,2244.920866,78698,NA,"e10223ch"
"Alanine_(3TMS)_MP_RI:1367_IDENT:B+C",0.5,5612.302165,112102,NA,"e10223ch"
"Alanine_(3TMS)_MP_RI:1367_IDENT:B+C",1,11224.60433,213313,NA,"e10223ch"
"Serine_(3TMS)_MP_RI:1373_IDENT:C+D",0.005,-99,-99,-99,"e10223ch"
"Serine_(3TMS)_MP_RI:1373_IDENT:C+D",0.01,-99,-99,-99,"e10223ch"
"Serine_(3TMS)_MP_RI:1373_IDENT:C+D",0.02,-99,-99,-99,"e10223ch"
"Serine_(3TMS)_MP_RI:1373_IDENT:C+D",0.05,-99,-99,-99,"e10223ch"
"Serine_(3TMS)_MP_RI:1373_IDENT:C+D",0.1,11418.7839,63225,NA,"e10223ch"
"Serine_(3TMS)_MP_RI:1373_IDENT:C+D",0.2,22837.5678,116710,NA,"e10223ch"
"Serine_(3TMS)_MP_RI:1373_IDENT:C+D",0.5,57093.9195,405916,NA,"e10223ch"
"Serine_(3TMS)_MP_RI:1373_IDENT:C+D",1,114187.839,1193174,NA,"e10223ch"
"Threonine_(3TMS)_MP_RI:1397_IDENT:C+D",0.005,-99,-99,-99,"e10223ch"
"Threonine_(3TMS)_MP_RI:1397_IDENT:C+D",0.01,-99,-99,-99,"e10223ch"
"Threonine_(3TMS)_MP_RI:1397_IDENT:C+D",0.02,-99,-99,-99,"e10223ch"
"Threonine_(3TMS)_MP_RI:1397_IDENT:C+D",0.05,8394.895905,58418,NA,"e10223ch"
"Threonine_(3TMS)_MP_RI:1397_IDENT:C+D",0.1,16789.79181,118118,NA,"e10223ch"
"Threonine_(3TMS)_MP_RI:1397_IDENT:C+D",0.2,33579.58362,347002,NA,"e10223ch"
"Threonine_(3TMS)_MP_RI:1397_IDENT:C+D",0.5,83948.95905,840712,NA,"e10223ch"
"Threonine_(3TMS)_MP_RI:1397_IDENT:C+D",1,167897.9181,2686751,NA,"e10223ch"
"Glutaric acid_(2TMS)_MP_RI:1418_IDENT:A+B",0.005,-99,-99,-99,"e10223ch"
"Glutaric acid_(2TMS)_MP_RI:1418_IDENT:A+B",0.01,-99,-99,-99,"e10223ch"
"Glutaric acid_(2TMS)_MP_RI:1418_IDENT:A+B",0.02,-99,-99,-99,"e10223ch"
"Glutaric acid_(2TMS)_MP_RI:1418_IDENT:A+B",0.05,-99,-99,-99,"e10223ch"
"Glutaric acid_(2TMS)_MP_RI:1418_IDENT:A+B",0.1,3422.313484,39312,NA,"e10223ch"
"Glutaric acid_(2TMS)_MP_RI:1418_IDENT:A+B",0.2,6844.626968,109104,NA,"e10223ch"
"Glutaric acid_(2TMS)_MP_RI:1418_IDENT:A+B",0.5,17111.56742,346756,NA,"e10223ch"
"Glutaric acid_(2TMS)_MP_RI:1418_IDENT:A+B",1,34223.13484,979514,NA,"e10223ch"
"Methionine_(1TMS)_BP_RI:1422_IDENT:C+D",0.005,-99,-99,-99,"e10223ch"
"Methionine_(1TMS)_BP_RI:1422_IDENT:C+D",0.01,-99,-99,-99,"e10223ch"
"Methionine_(1TMS)_BP_RI:1422_IDENT:C+D",0.02,134.0392735,41020,NA,"e10223ch"
"Methionine_(1TMS)_BP_RI:1422_IDENT:C+D",0.05,335.09818375,55328,NA,"e10223ch"
"Methionine_(1TMS)_BP_RI:1422_IDENT:C+D",0.1,670.1963675,167071,NA,"e10223ch"
"Methionine_(1TMS)_BP_RI:1422_IDENT:C+D",0.2,1340.392735,260703,NA,"e10223ch"
"Methionine_(1TMS)_BP_RI:1422_IDENT:C+D",0.5,3350.9818375,456449,NA,"e10223ch"
"Methionine_(1TMS)_BP_RI:1422_IDENT:C+D",1,6701.963675,511472,NA,"e10223ch"
"Alanine_ beta-_(3TMS)_MP_RI:1435_IDENT:A+D",0.005,-99,-99,-99,"e10223ch"
"Alanine_ beta-_(3TMS)_MP_RI:1435_IDENT:A+D",0.01,112.2460433,39965,NA,"e10223ch"
"Alanine_ beta-_(3TMS)_MP_RI:1435_IDENT:A+D",0.02,224.4920866,82642,NA,"e10223ch"
"Alanine_ beta-_(3TMS)_MP_RI:1435_IDENT:A+D",0.05,561.2302165,192311,NA,"e10223ch"
"Alanine_ beta-_(3TMS)_MP_RI:1435_IDENT:A+D",0.1,1122.460433,440291,NA,"e10223ch"
"Alanine_ beta-_(3TMS)_MP_RI:1435_IDENT:A+D",0.2,2244.920866,853480,NA,"e10223ch"
"Alanine_ beta-_(3TMS)_MP_RI:1435_IDENT:A+D",0.5,5612.302165,2034460,NA,"e10223ch"
"Alanine_ beta-_(3TMS)_MP_RI:1435_IDENT:A+D",1,11224.60433,4768543,NA,"e10223ch"
"Malic acid_(3TMS)_MP_RI:1487_IDENT:B+D",0.005,-99,-99,-99,"e10223ch"
"Malic acid_(3TMS)_MP_RI:1487_IDENT:B+D",0.01,-99,-99,-99,"e10223ch"
"Malic acid_(3TMS)_MP_RI:1487_IDENT:B+D",0.02,-99,-99,-99,"e10223ch"
"Malic acid_(3TMS)_MP_RI:1487_IDENT:B+D",0.05,-99,-99,-99,"e10223ch"
"Malic acid_(3TMS)_MP_RI:1487_IDENT:B+D",0.1,4474.606608,15372,NA,"e10223ch"
"Malic acid_(3TMS)_MP_RI:1487_IDENT:B+D",0.2,8949.213216,58064,NA,"e10223ch"
"Malic acid_(3TMS)_MP_RI:1487_IDENT:B+D",0.5,22373.03304,341852,NA,"e10223ch"
"Malic acid_(3TMS)_MP_RI:1487_IDENT:B+D",1,44746.06608,1142668,NA,"e10223ch"
"Methionine_(2TMS)_MP_RI:1516_IDENT:C+D",0.005,-99,-99,-99,"e10223ch"
"Methionine_(2TMS)_MP_RI:1516_IDENT:C+D",0.01,-99,-99,-99,"e10223ch"
"Methionine_(2TMS)_MP_RI:1516_IDENT:C+D",0.02,-99,-99,-99,"e10223ch"
"Methionine_(2TMS)_MP_RI:1516_IDENT:C+D",0.05,-99,-99,-99,"e10223ch"
"Methionine_(2TMS)_MP_RI:1516_IDENT:C+D",0.1,670.1963675,30937,NA,"e10223ch"
"Methionine_(2TMS)_MP_RI:1516_IDENT:C+D",0.2,1340.392735,78696,NA,"e10223ch"
"Methionine_(2TMS)_MP_RI:1516_IDENT:C+D",0.5,3350.9818375,344576,NA,"e10223ch"
"Methionine_(2TMS)_MP_RI:1516_IDENT:C+D",1,6701.963675,1224863,NA,"e10223ch"
"Pyroglutamic acid_(2TMS)_MP_RI:1518_IDENT:A+D",0.005,464.68401485,144966,NA,"e10223ch"
"Pyroglutamic acid_(2TMS)_MP_RI:1518_IDENT:A+D",0.01,929.3680297,185903,NA,"e10223ch"
"Pyroglutamic acid_(2TMS)_MP_RI:1518_IDENT:A+D",0.02,1858.7360594,147757,NA,"e10223ch"
"Pyroglutamic acid_(2TMS)_MP_RI:1518_IDENT:A+D",0.05,4646.8401485,213589,NA,"e10223ch"
"Pyroglutamic acid_(2TMS)_MP_RI:1518_IDENT:A+D",0.1,9293.680297,382164,NA,"e10223ch"
"Pyroglutamic acid_(2TMS)_MP_RI:1518_IDENT:A+D",0.2,18587.360594,644397,NA,"e10223ch"
"Pyroglutamic acid_(2TMS)_MP_RI:1518_IDENT:A+D",0.5,46468.401485,1444444,NA,"e10223ch"
"Pyroglutamic acid_(2TMS)_MP_RI:1518_IDENT:A+D",1,92936.80297,3383092,NA,"e10223ch"
"Butanoic acid_ 4-amino-_(3TMS)_MP_RI:1527_IDENT:A+C",0.005,48.48719938,15877,NA,"e10223ch"
"Butanoic acid_ 4-amino-_(3TMS)_MP_RI:1527_IDENT:A+C",0.01,96.97439876,31458,NA,"e10223ch"
"Butanoic acid_ 4-amino-_(3TMS)_MP_RI:1527_IDENT:A+C",0.02,193.94879752,76644,NA,"e10223ch"
"Butanoic acid_ 4-amino-_(3TMS)_MP_RI:1527_IDENT:A+C",0.05,484.8719938,134906,NA,"e10223ch"
"Butanoic acid_ 4-amino-_(3TMS)_MP_RI:1527_IDENT:A+C",0.1,969.7439876,311638,NA,"e10223ch"
"Butanoic acid_ 4-amino-_(3TMS)_MP_RI:1527_IDENT:A+C",0.2,1939.4879752,558742,NA,"e10223ch"
"Butanoic acid_ 4-amino-_(3TMS)_MP_RI:1527_IDENT:A+C",0.5,4848.719938,1343975,NA,"e10223ch"
"Butanoic acid_ 4-amino-_(3TMS)_MP_RI:1527_IDENT:A+C",1,9697.439876,3303635,NA,"e10223ch"
"Glutamic acid_(2TMS)_BP_RI:1533_IDENT:A+B",0.005,-99,-99,-99,"e10223ch"
"Glutamic acid_(2TMS)_BP_RI:1533_IDENT:A+B",0.01,1359.342078,8262,NA,"e10223ch"
"Glutamic acid_(2TMS)_BP_RI:1533_IDENT:A+B",0.02,-99,-99,-99,"e10223ch"
"Glutamic acid_(2TMS)_BP_RI:1533_IDENT:A+B",0.05,-99,-99,-99,"e10223ch"
"Glutamic acid_(2TMS)_BP_RI:1533_IDENT:A+B",0.1,-99,-99,-99,"e10223ch"
"Glutamic acid_(2TMS)_BP_RI:1533_IDENT:A+B",0.2,27186.84156,17348,NA,"e10223ch"
"Glutamic acid_(2TMS)_BP_RI:1533_IDENT:A+B",0.5,67967.1039,34350,NA,"e10223ch"
"Glutamic acid_(2TMS)_BP_RI:1533_IDENT:A+B",1,135934.2078,74169,NA,"e10223ch"
"Creatinine_(3TMS)_MP_RI:1549_IDENT:B+C",0.005,-99,-99,-99,"e10223ch"
"Creatinine_(3TMS)_MP_RI:1549_IDENT:B+C",0.01,-99,-99,-99,"e10223ch"
"Creatinine_(3TMS)_MP_RI:1549_IDENT:B+C",0.02,-99,-99,-99,"e10223ch"
"Creatinine_(3TMS)_MP_RI:1549_IDENT:B+C",0.05,-99,-99,-99,"e10223ch"
"Creatinine_(3TMS)_MP_RI:1549_IDENT:B+C",0.1,4420.084866,57694,NA,"e10223ch"
"Creatinine_(3TMS)_MP_RI:1549_IDENT:B+C",0.2,8840.169732,118604,NA,"e10223ch"
"Creatinine_(3TMS)_MP_RI:1549_IDENT:B+C",0.5,22100.42433,299681,NA,"e10223ch"
"Creatinine_(3TMS)_MP_RI:1549_IDENT:B+C",1,44200.84866,904456,NA,"e10223ch"
"Phenylalanine_(1TMS)_BP_RI:1547_IDENT:B+C",0.005,242.1454083,28155,NA,"e10223ch"
"Phenylalanine_(1TMS)_BP_RI:1547_IDENT:B+C",0.01,484.2908166,57909,NA,"e10223ch"
"Phenylalanine_(1TMS)_BP_RI:1547_IDENT:B+C",0.02,968.5816332,75537,NA,"e10223ch"
"Phenylalanine_(1TMS)_BP_RI:1547_IDENT:B+C",0.05,2421.454083,127183,NA,"e10223ch"
"Phenylalanine_(1TMS)_BP_RI:1547_IDENT:B+C",0.1,4842.908166,258080,NA,"e10223ch"
"Phenylalanine_(1TMS)_BP_RI:1547_IDENT:B+C",0.2,9685.816332,467906,NA,"e10223ch"
"Phenylalanine_(1TMS)_BP_RI:1547_IDENT:B+C",0.5,24214.54083,1000940,NA,"e10223ch"
"Phenylalanine_(1TMS)_BP_RI:1547_IDENT:B+C",1,48429.08166,1842025,NA,"e10223ch"
"Ribose_ 2-deoxy-_(1MEOX)(3TMS)_BP_RI:1572_IDENT:A+D",0.005,-99,-99,-99,"e10223ch"
"Ribose_ 2-deoxy-_(1MEOX)(3TMS)_BP_RI:1572_IDENT:A+D",0.01,-99,-99,-99,"e10223ch"
"Ribose_ 2-deoxy-_(1MEOX)(3TMS)_BP_RI:1572_IDENT:A+D",0.02,149.10907328,48970,NA,"e10223ch"
"Ribose_ 2-deoxy-_(1MEOX)(3TMS)_BP_RI:1572_IDENT:A+D",0.05,372.7726832,88078,NA,"e10223ch"
"Ribose_ 2-deoxy-_(1MEOX)(3TMS)_BP_RI:1572_IDENT:A+D",0.1,745.5453664,190722,NA,"e10223ch"
"Ribose_ 2-deoxy-_(1MEOX)(3TMS)_BP_RI:1572_IDENT:A+D",0.2,1491.0907328,334594,NA,"e10223ch"
"Ribose_ 2-deoxy-_(1MEOX)(3TMS)_BP_RI:1572_IDENT:A+D",0.5,3727.726832,772402,NA,"e10223ch"
"Ribose_ 2-deoxy-_(1MEOX)(3TMS)_BP_RI:1572_IDENT:A+D",1,7455.453664,1599791,NA,"e10223ch"
"Ribose_ 2-deoxy-_(1MEOX)(3TMS)_MP_RI:1574_IDENT:A+D",0.005,-99,-99,-99,"e10223ch"
"Ribose_ 2-deoxy-_(1MEOX)(3TMS)_MP_RI:1574_IDENT:A+D",0.01,-99,-99,-99,"e10223ch"
"Ribose_ 2-deoxy-_(1MEOX)(3TMS)_MP_RI:1574_IDENT:A+D",0.02,-99,-99,-99,"e10223ch"
"Ribose_ 2-deoxy-_(1MEOX)(3TMS)_MP_RI:1574_IDENT:A+D",0.05,372.7726832,86455,NA,"e10223ch"
"Ribose_ 2-deoxy-_(1MEOX)(3TMS)_MP_RI:1574_IDENT:A+D",0.1,745.5453664,183831,NA,"e10223ch"
"Ribose_ 2-deoxy-_(1MEOX)(3TMS)_MP_RI:1574_IDENT:A+D",0.2,1491.0907328,327902,NA,"e10223ch"
"Ribose_ 2-deoxy-_(1MEOX)(3TMS)_MP_RI:1574_IDENT:A+D",0.5,3727.726832,749840,NA,"e10223ch"
"Ribose_ 2-deoxy-_(1MEOX)(3TMS)_MP_RI:1574_IDENT:A+D",1,7455.453664,1551771,NA,"e10223ch"
"Hypotaurine_(3TMS)_MP_RI:1597_IDENT:A+C",0.005,91.61704075,39433,NA,"e10223ch"
"Hypotaurine_(3TMS)_MP_RI:1597_IDENT:A+C",0.01,183.2340815,60667,NA,"e10223ch"
"Hypotaurine_(3TMS)_MP_RI:1597_IDENT:A+C",0.02,366.468163,111968,NA,"e10223ch"
"Hypotaurine_(3TMS)_MP_RI:1597_IDENT:A+C",0.05,916.1704075,239218,NA,"e10223ch"
"Hypotaurine_(3TMS)_MP_RI:1597_IDENT:A+C",0.1,1832.340815,533624,NA,"e10223ch"
"Hypotaurine_(3TMS)_MP_RI:1597_IDENT:A+C",0.2,3664.68163,972694,NA,"e10223ch"
"Hypotaurine_(3TMS)_MP_RI:1597_IDENT:A+C",0.5,9161.704075,1922364,NA,"e10223ch"
"Hypotaurine_(3TMS)_MP_RI:1597_IDENT:A+C",1,18323.40815,4134797,NA,"e10223ch"
"Cytosine_(3TMS)_BP_RI:1629_IDENT:A+B",0.005,45.00450045,22354,NA,"e10223ch"
"Cytosine_(3TMS)_BP_RI:1629_IDENT:A+B",0.01,90.0090009,25338,NA,"e10223ch"
"Cytosine_(3TMS)_BP_RI:1629_IDENT:A+B",0.02,180.0180018,25721,NA,"e10223ch"
"Cytosine_(3TMS)_BP_RI:1629_IDENT:A+B",0.05,450.0450045,21037,NA,"e10223ch"
"Cytosine_(3TMS)_BP_RI:1629_IDENT:A+B",0.1,900.090009,13252,NA,"e10223ch"
"Cytosine_(3TMS)_BP_RI:1629_IDENT:A+B",0.2,1800.180018,29761,NA,"e10223ch"
"Cytosine_(3TMS)_BP_RI:1629_IDENT:A+B",0.5,4500.450045,51097,NA,"e10223ch"
"Cytosine_(3TMS)_BP_RI:1629_IDENT:A+B",1,9000.90009,208096,NA,"e10223ch"
"Phenylalanine_(2TMS)_MP_RI:1625_IDENT:B+C",0.005,-99,-99,-99,"e10223ch"
"Phenylalanine_(2TMS)_MP_RI:1625_IDENT:B+C",0.01,-99,-99,-99,"e10223ch"
"Phenylalanine_(2TMS)_MP_RI:1625_IDENT:B+C",0.02,-99,-99,-99,"e10223ch"
"Phenylalanine_(2TMS)_MP_RI:1625_IDENT:B+C",0.05,-99,-99,-99,"e10223ch"
"Phenylalanine_(2TMS)_MP_RI:1625_IDENT:B+C",0.1,-99,-99,-99,"e10223ch"
"Phenylalanine_(2TMS)_MP_RI:1625_IDENT:B+C",0.2,9685.816332,61543,NA,"e10223ch"
"Phenylalanine_(2TMS)_MP_RI:1625_IDENT:B+C",0.5,24214.54083,211959,NA,"e10223ch"
"Phenylalanine_(2TMS)_MP_RI:1625_IDENT:B+C",1,48429.08166,895180,NA,"e10223ch"
"Putrescine_(4TMS)_MP_RI:1730_IDENT:A+D",0.005,31.042403925,24888,NA,"e10223ch"
"Putrescine_(4TMS)_MP_RI:1730_IDENT:A+D",0.01,62.08480785,54347,NA,"e10223ch"
"Putrescine_(4TMS)_MP_RI:1730_IDENT:A+D",0.02,124.1696157,112314,NA,"e10223ch"
"Putrescine_(4TMS)_MP_RI:1730_IDENT:A+D",0.05,310.42403925,193612,NA,"e10223ch"
"Putrescine_(4TMS)_MP_RI:1730_IDENT:A+D",0.1,620.8480785,480182,NA,"e10223ch"
"Putrescine_(4TMS)_MP_RI:1730_IDENT:A+D",0.2,1241.696157,948799,NA,"e10223ch"
"Putrescine_(4TMS)_MP_RI:1730_IDENT:A+D",0.5,3104.2403925,2363515,NA,"e10223ch"
"Putrescine_(4TMS)_MP_RI:1730_IDENT:A+D",1,6208.480785,5860865,NA,"e10223ch"
"Citric acid_(4TMS)_MP_RI:1814_IDENT:B+D",0.005,-99,-99,-99,"e10223ch"
"Citric acid_(4TMS)_MP_RI:1814_IDENT:B+D",0.01,-99,-99,-99,"e10223ch"
"Citric acid_(4TMS)_MP_RI:1814_IDENT:B+D",0.02,-99,-99,-99,"e10223ch"
"Citric acid_(4TMS)_MP_RI:1814_IDENT:B+D",0.05,-99,-99,-99,"e10223ch"
"Citric acid_(4TMS)_MP_RI:1814_IDENT:B+D",0.1,-99,-99,-99,"e10223ch"
"Citric acid_(4TMS)_MP_RI:1814_IDENT:B+D",0.2,10410.160316,34675,NA,"e10223ch"
"Citric acid_(4TMS)_MP_RI:1814_IDENT:B+D",0.5,26025.40079,400508,NA,"e10223ch"
"Citric acid_(4TMS)_MP_RI:1814_IDENT:B+D",1,52050.80158,1852576,NA,"e10223ch"
"Lysine_(3TMS)_BP_RI:1849_IDENT:A+C",0.005,-99,-99,-99,"e10223ch"
"Lysine_(3TMS)_BP_RI:1849_IDENT:A+C",0.01,205.3107035,30765,NA,"e10223ch"
"Lysine_(3TMS)_BP_RI:1849_IDENT:A+C",0.02,410.621407,68721,NA,"e10223ch"
"Lysine_(3TMS)_BP_RI:1849_IDENT:A+C",0.05,1026.5535175,78990,NA,"e10223ch"
"Lysine_(3TMS)_BP_RI:1849_IDENT:A+C",0.1,2053.107035,179186,NA,"e10223ch"
"Lysine_(3TMS)_BP_RI:1849_IDENT:A+C",0.2,4106.21407,344414,NA,"e10223ch"
"Lysine_(3TMS)_BP_RI:1849_IDENT:A+C",0.5,10265.535175,779273,NA,"e10223ch"
"Lysine_(3TMS)_BP_RI:1849_IDENT:A+C",1,20531.07035,1719759,NA,"e10223ch"
"Fructose_(1MEOX)(5TMS)_MP_RI:1862_IDENT:B+C",0.005,65.76783955,61967,NA,"e10223ch"
"Fructose_(1MEOX)(5TMS)_MP_RI:1862_IDENT:B+C",0.01,131.5356791,86473,NA,"e10223ch"
"Fructose_(1MEOX)(5TMS)_MP_RI:1862_IDENT:B+C",0.02,263.0713582,112227,NA,"e10223ch"
"Fructose_(1MEOX)(5TMS)_MP_RI:1862_IDENT:B+C",0.05,657.6783955,202450,NA,"e10223ch"
"Fructose_(1MEOX)(5TMS)_MP_RI:1862_IDENT:B+C",0.1,1315.356791,481545,NA,"e10223ch"
"Fructose_(1MEOX)(5TMS)_MP_RI:1862_IDENT:B+C",0.2,2630.713582,861145,NA,"e10223ch"
"Fructose_(1MEOX)(5TMS)_MP_RI:1862_IDENT:B+C",0.5,6576.783955,2187711,NA,"e10223ch"
"Fructose_(1MEOX)(5TMS)_MP_RI:1862_IDENT:B+C",1,13153.56791,4938386,NA,"e10223ch"
"Adenine_(2TMS)_MP_RI:1866_IDENT:C+D",0.005,37.001406055,28737,NA,"e10223ch"
"Adenine_(2TMS)_MP_RI:1866_IDENT:C+D",0.01,74.00281211,22693,NA,"e10223ch"
"Adenine_(2TMS)_MP_RI:1866_IDENT:C+D",0.02,148.00562422,37638,NA,"e10223ch"
"Adenine_(2TMS)_MP_RI:1866_IDENT:C+D",0.05,370.01406055,41938,NA,"e10223ch"
"Adenine_(2TMS)_MP_RI:1866_IDENT:C+D",0.1,740.0281211,93424,NA,"e10223ch"
"Adenine_(2TMS)_MP_RI:1866_IDENT:C+D",0.2,1480.0562422,256789,NA,"e10223ch"
"Adenine_(2TMS)_MP_RI:1866_IDENT:C+D",0.5,3700.1406055,908811,NA,"e10223ch"
"Adenine_(2TMS)_MP_RI:1866_IDENT:C+D",1,7400.281211,2430294,NA,"e10223ch"
"Fructose_(1MEOX)(5TMS)_BP_RI:1872_IDENT:B+C",0.005,65.76783955,13030,NA,"e10223ch"
"Fructose_(1MEOX)(5TMS)_BP_RI:1872_IDENT:B+C",0.01,131.5356791,19176,NA,"e10223ch"
"Fructose_(1MEOX)(5TMS)_BP_RI:1872_IDENT:B+C",0.02,263.0713582,19664,NA,"e10223ch"
"Fructose_(1MEOX)(5TMS)_BP_RI:1872_IDENT:B+C",0.05,657.6783955,19322,NA,"e10223ch"
"Fructose_(1MEOX)(5TMS)_BP_RI:1872_IDENT:B+C",0.1,1315.356791,41329,NA,"e10223ch"
"Fructose_(1MEOX)(5TMS)_BP_RI:1872_IDENT:B+C",0.2,2630.713582,51601,NA,"e10223ch"
"Fructose_(1MEOX)(5TMS)_BP_RI:1872_IDENT:B+C",0.5,6576.783955,130998,NA,"e10223ch"
"Fructose_(1MEOX)(5TMS)_BP_RI:1872_IDENT:B+C",1,13153.56791,206960,NA,"e10223ch"
"Tyrosine_(2TMS)_BP_RI:1883_IDENT:B+D",0.005,55.1906838,32211,NA,"e10223ch"
"Tyrosine_(2TMS)_BP_RI:1883_IDENT:B+D",0.01,110.3813676,38459,NA,"e10223ch"
"Tyrosine_(2TMS)_BP_RI:1883_IDENT:B+D",0.02,220.7627352,122177,NA,"e10223ch"
"Tyrosine_(2TMS)_BP_RI:1883_IDENT:B+D",0.05,551.906838,67793,NA,"e10223ch"
"Tyrosine_(2TMS)_BP_RI:1883_IDENT:B+D",0.1,1103.813676,320839,NA,"e10223ch"
"Tyrosine_(2TMS)_BP_RI:1883_IDENT:B+D",0.2,2207.627352,817595,NA,"e10223ch"
"Tyrosine_(2TMS)_BP_RI:1883_IDENT:B+D",0.5,5519.06838,1518937,NA,"e10223ch"
"Tyrosine_(2TMS)_BP_RI:1883_IDENT:B+D",1,11038.13676,1708232,NA,"e10223ch"
"Glucose_(1MEOX)(5TMS)_BP_RI:1904_IDENT:B+D",0.005,-99,-99,-99,"e10223ch"
"Glucose_(1MEOX)(5TMS)_BP_RI:1904_IDENT:B+D",0.01,-99,-99,-99,"e10223ch"
"Glucose_(1MEOX)(5TMS)_BP_RI:1904_IDENT:B+D",0.02,-99,-99,-99,"e10223ch"
"Glucose_(1MEOX)(5TMS)_BP_RI:1904_IDENT:B+D",0.05,-99,-99,-99,"e10223ch"
"Glucose_(1MEOX)(5TMS)_BP_RI:1904_IDENT:B+D",0.1,3288.391976,314440,NA,"e10223ch"
"Glucose_(1MEOX)(5TMS)_BP_RI:1904_IDENT:B+D",0.2,6576.783952,418722,NA,"e10223ch"
"Glucose_(1MEOX)(5TMS)_BP_RI:1904_IDENT:B+D",0.5,16441.95988,1070218,NA,"e10223ch"
"Glucose_(1MEOX)(5TMS)_BP_RI:1904_IDENT:B+D",1,32883.91976,2352702,NA,"e10223ch"
"Lysine_(4TMS)_MP_RI:1915_IDENT:A+C",0.005,-99,-99,-99,"e10223ch"
"Lysine_(4TMS)_MP_RI:1915_IDENT:A+C",0.01,-99,-99,-99,"e10223ch"
"Lysine_(4TMS)_MP_RI:1915_IDENT:A+C",0.02,-99,-99,-99,"e10223ch"
"Lysine_(4TMS)_MP_RI:1915_IDENT:A+C",0.05,-99,-99,-99,"e10223ch"
"Lysine_(4TMS)_MP_RI:1915_IDENT:A+C",0.1,-99,-99,-99,"e10223ch"
"Lysine_(4TMS)_MP_RI:1915_IDENT:A+C",0.2,4106.21407,73394,NA,"e10223ch"
"Lysine_(4TMS)_MP_RI:1915_IDENT:A+C",0.5,10265.535175,184979,NA,"e10223ch"
"Lysine_(4TMS)_MP_RI:1915_IDENT:A+C",1,20531.07035,630171,NA,"e10223ch"
"Glucosamine_(1MEOX)(5TMS)_MP_RI:1932_IDENT:A+B",0.005,-99,-99,-99,"e10223ch"
"Glucosamine_(1MEOX)(5TMS)_MP_RI:1932_IDENT:A+B",0.01,-99,-99,-99,"e10223ch"
"Glucosamine_(1MEOX)(5TMS)_MP_RI:1932_IDENT:A+B",0.02,-99,-99,-99,"e10223ch"
"Glucosamine_(1MEOX)(5TMS)_MP_RI:1932_IDENT:A+B",0.05,-99,-99,-99,"e10223ch"
"Glucosamine_(1MEOX)(5TMS)_MP_RI:1932_IDENT:A+B",0.1,463.7573621,55160,NA,"e10223ch"
"Glucosamine_(1MEOX)(5TMS)_MP_RI:1932_IDENT:A+B",0.2,927.5147242,110172,NA,"e10223ch"
"Glucosamine_(1MEOX)(5TMS)_MP_RI:1932_IDENT:A+B",0.5,2318.7868105,399774,NA,"e10223ch"
"Glucosamine_(1MEOX)(5TMS)_MP_RI:1932_IDENT:A+B",1,4637.573621,1368980,NA,"e10223ch"
"Tyrosine_(3TMS)_MP_RI:1933_IDENT:B+D",0.005,-99,-99,-99,"e10223ch"
"Tyrosine_(3TMS)_MP_RI:1933_IDENT:B+D",0.01,-99,-99,-99,"e10223ch"
"Tyrosine_(3TMS)_MP_RI:1933_IDENT:B+D",0.02,-99,-99,-99,"e10223ch"
"Tyrosine_(3TMS)_MP_RI:1933_IDENT:B+D",0.05,-99,-99,-99,"e10223ch"
"Tyrosine_(3TMS)_MP_RI:1933_IDENT:B+D",0.1,1103.813676,72038,NA,"e10223ch"
"Tyrosine_(3TMS)_MP_RI:1933_IDENT:B+D",0.2,2207.627352,151015,NA,"e10223ch"
"Tyrosine_(3TMS)_MP_RI:1933_IDENT:B+D",0.5,5519.06838,458251,NA,"e10223ch"
"Tyrosine_(3TMS)_MP_RI:1933_IDENT:B+D",1,11038.13676,812036,NA,"e10223ch"
"Pantothenic acid_(3TMS)_MP_RI:1993_IDENT:A+D",0.005,-99,-99,-99,"e10223ch"
"Pantothenic acid_(3TMS)_MP_RI:1993_IDENT:A+D",0.01,-99,-99,-99,"e10223ch"
"Pantothenic acid_(3TMS)_MP_RI:1993_IDENT:A+D",0.02,-99,-99,-99,"e10223ch"
"Pantothenic acid_(3TMS)_MP_RI:1993_IDENT:A+D",0.05,839.4015065,19357,NA,"e10223ch"
"Pantothenic acid_(3TMS)_MP_RI:1993_IDENT:A+D",0.1,1678.803013,25464,NA,"e10223ch"
"Pantothenic acid_(3TMS)_MP_RI:1993_IDENT:A+D",0.2,3357.606026,40255,NA,"e10223ch"
"Pantothenic acid_(3TMS)_MP_RI:1993_IDENT:A+D",0.5,8394.015065,105269,NA,"e10223ch"
"Pantothenic acid_(3TMS)_MP_RI:1993_IDENT:A+D",1,16788.03013,258099,NA,"e10223ch"
"Ribose-5-phosphate_(1MEOX)(5TMS)_MP_RI:2103_IDENT:C+D",0.005,-99,-99,-99,"e10223ch"
"Ribose-5-phosphate_(1MEOX)(5TMS)_MP_RI:2103_IDENT:C+D",0.01,912.0758847,16100,NA,"e10223ch"
"Ribose-5-phosphate_(1MEOX)(5TMS)_MP_RI:2103_IDENT:C+D",0.02,1824.1517694,10995,NA,"e10223ch"
"Ribose-5-phosphate_(1MEOX)(5TMS)_MP_RI:2103_IDENT:C+D",0.05,4560.3794235,27410,NA,"e10223ch"
"Ribose-5-phosphate_(1MEOX)(5TMS)_MP_RI:2103_IDENT:C+D",0.1,9120.758847,16233,NA,"e10223ch"
"Ribose-5-phosphate_(1MEOX)(5TMS)_MP_RI:2103_IDENT:C+D",0.2,18241.517694,13372,NA,"e10223ch"
"Ribose-5-phosphate_(1MEOX)(5TMS)_MP_RI:2103_IDENT:C+D",0.5,45603.794235,13692,NA,"e10223ch"
"Ribose-5-phosphate_(1MEOX)(5TMS)_MP_RI:2103_IDENT:C+D",1,91207.58847,22631,NA,"e10223ch"
"Fructose-6-phosphate_(1MEOX)(6TMS)_MP_RI:2302_IDENT:A+C",0.005,65.76783955,9027,NA,"e10223ch"
"Fructose-6-phosphate_(1MEOX)(6TMS)_MP_RI:2302_IDENT:A+C",0.01,131.5356791,4342,NA,"e10223ch"
"Fructose-6-phosphate_(1MEOX)(6TMS)_MP_RI:2302_IDENT:A+C",0.02,263.0713582,10366,NA,"e10223ch"
"Fructose-6-phosphate_(1MEOX)(6TMS)_MP_RI:2302_IDENT:A+C",0.05,657.6783955,17859,NA,"e10223ch"
"Fructose-6-phosphate_(1MEOX)(6TMS)_MP_RI:2302_IDENT:A+C",0.1,1315.356791,7815,NA,"e10223ch"
"Fructose-6-phosphate_(1MEOX)(6TMS)_MP_RI:2302_IDENT:A+C",0.2,2630.713582,14358,NA,"e10223ch"
"Fructose-6-phosphate_(1MEOX)(6TMS)_MP_RI:2302_IDENT:A+C",0.5,6576.783955,24734,NA,"e10223ch"
"Fructose-6-phosphate_(1MEOX)(6TMS)_MP_RI:2302_IDENT:A+C",1,13153.56791,55148,NA,"e10223ch"
"Glucose-1/6-phosphate_(1MEOX)(6TMS)_MP_RI:2316_IDENT:C+D/A+B",0.005,0.005,15071,NA,"e10223ch"
"Glucose-1/6-phosphate_(1MEOX)(6TMS)_MP_RI:2316_IDENT:C+D/A+B",0.01,0.01,4963,NA,"e10223ch"
"Glucose-1/6-phosphate_(1MEOX)(6TMS)_MP_RI:2316_IDENT:C+D/A+B",0.02,0.02,11238,NA,"e10223ch"
"Glucose-1/6-phosphate_(1MEOX)(6TMS)_MP_RI:2316_IDENT:C+D/A+B",0.05,0.05,125004,NA,"e10223ch"
"Glucose-1/6-phosphate_(1MEOX)(6TMS)_MP_RI:2316_IDENT:C+D/A+B",0.1,0.1,35073,NA,"e10223ch"
"Glucose-1/6-phosphate_(1MEOX)(6TMS)_MP_RI:2316_IDENT:C+D/A+B",0.2,0.2,30139,NA,"e10223ch"
"Glucose-1/6-phosphate_(1MEOX)(6TMS)_MP_RI:2316_IDENT:C+D/A+B",0.5,0.5,221481,NA,"e10223ch"
"Glucose-1/6-phosphate_(1MEOX)(6TMS)_MP_RI:2316_IDENT:C+D/A+B",1,1,558728,NA,"e10223ch"
"Pyruvic acid_(1MEOX)(1TMS)_MP_RI:1045_IDENT:A+D",0.005,-99,-99,-99,"e10224ch"
"Pyruvic acid_(1MEOX)(1TMS)_MP_RI:1045_IDENT:A+D",0.01,-99,-99,-99,"e10224ch"
"Pyruvic acid_(1MEOX)(1TMS)_MP_RI:1045_IDENT:A+D",0.02,5816.066884,53089,NA,"e10224ch"
"Pyruvic acid_(1MEOX)(1TMS)_MP_RI:1045_IDENT:A+D",0.05,14540.16721,64334,NA,"e10224ch"
"Pyruvic acid_(1MEOX)(1TMS)_MP_RI:1045_IDENT:A+D",0.1,29080.33442,201843,NA,"e10224ch"
"Pyruvic acid_(1MEOX)(1TMS)_MP_RI:1045_IDENT:A+D",0.2,58160.66884,498550,NA,"e10224ch"
"Pyruvic acid_(1MEOX)(1TMS)_MP_RI:1045_IDENT:A+D",0.5,145401.6721,1056059,NA,"e10224ch"
"Pyruvic acid_(1MEOX)(1TMS)_MP_RI:1045_IDENT:A+D",1,290803.3442,2387001,NA,"e10224ch"
"Lactic acid_(2TMS)_MP_RI:1055_IDENT:B+C",0.005,2230.9477065,856086,NA,"e10224ch"
"Lactic acid_(2TMS)_MP_RI:1055_IDENT:B+C",0.01,4461.895413,943711,NA,"e10224ch"
"Lactic acid_(2TMS)_MP_RI:1055_IDENT:B+C",0.02,8923.790826,694792,NA,"e10224ch"
"Lactic acid_(2TMS)_MP_RI:1055_IDENT:B+C",0.05,22309.477065,817493,NA,"e10224ch"
"Lactic acid_(2TMS)_MP_RI:1055_IDENT:B+C",0.1,44618.95413,987258,NA,"e10224ch"
"Lactic acid_(2TMS)_MP_RI:1055_IDENT:B+C",0.2,89237.90826,1817389,NA,"e10224ch"
"Lactic acid_(2TMS)_MP_RI:1055_IDENT:B+C",0.5,223094.77065,2381052,NA,"e10224ch"
"Lactic acid_(2TMS)_MP_RI:1055_IDENT:B+C",1,446189.5413,4512789,NA,"e10224ch"
"Valine_(1TMS)_BP_RI:1084_IDENT:B+D",0.005,-99,-99,-99,"e10224ch"
"Valine_(1TMS)_BP_RI:1084_IDENT:B+D",0.01,-99,-99,-99,"e10224ch"
"Valine_(1TMS)_BP_RI:1084_IDENT:B+D",0.02,853.6064874,6472,NA,"e10224ch"
"Valine_(1TMS)_BP_RI:1084_IDENT:B+D",0.05,2134.0162185,18199,NA,"e10224ch"
"Valine_(1TMS)_BP_RI:1084_IDENT:B+D",0.1,4268.032437,54403,NA,"e10224ch"
"Valine_(1TMS)_BP_RI:1084_IDENT:B+D",0.2,8536.064874,80870,NA,"e10224ch"
"Valine_(1TMS)_BP_RI:1084_IDENT:B+D",0.5,21340.162185,146435,NA,"e10224ch"
"Valine_(1TMS)_BP_RI:1084_IDENT:B+D",1,42680.32437,253882,NA,"e10224ch"
"Alanine_(2TMS)_BP_RI:1097_IDENT:B+C",0.005,-99,-99,-99,"e10224ch"
"Alanine_(2TMS)_BP_RI:1097_IDENT:B+C",0.01,-99,-99,-99,"e10224ch"
"Alanine_(2TMS)_BP_RI:1097_IDENT:B+C",0.02,224.4920866,196868,NA,"e10224ch"
"Alanine_(2TMS)_BP_RI:1097_IDENT:B+C",0.05,561.2302165,234977,NA,"e10224ch"
"Alanine_(2TMS)_BP_RI:1097_IDENT:B+C",0.1,1122.460433,500463,NA,"e10224ch"
"Alanine_(2TMS)_BP_RI:1097_IDENT:B+C",0.2,2244.920866,619974,NA,"e10224ch"
"Alanine_(2TMS)_BP_RI:1097_IDENT:B+C",0.5,5612.302165,1287312,NA,"e10224ch"
"Alanine_(2TMS)_BP_RI:1097_IDENT:B+C",1,11224.60433,3108230,NA,"e10224ch"
"Glycine_(2TMS)_BP_RI:1117_IDENT:A+C",0.005,-99,-99,-99,"e10224ch"
"Glycine_(2TMS)_BP_RI:1117_IDENT:A+C",0.01,-99,-99,-99,"e10224ch"
"Glycine_(2TMS)_BP_RI:1117_IDENT:A+C",0.02,-99,-99,-99,"e10224ch"
"Glycine_(2TMS)_BP_RI:1117_IDENT:A+C",0.05,3330.225123,63306,NA,"e10224ch"
"Glycine_(2TMS)_BP_RI:1117_IDENT:A+C",0.1,6660.450246,55592,NA,"e10224ch"
"Glycine_(2TMS)_BP_RI:1117_IDENT:A+C",0.2,13320.900492,80917,NA,"e10224ch"
"Glycine_(2TMS)_BP_RI:1117_IDENT:A+C",0.5,33302.25123,164630,NA,"e10224ch"
"Glycine_(2TMS)_BP_RI:1117_IDENT:A+C",1,66604.50246,360995,NA,"e10224ch"
"Leucine_(1TMS)_BP_RI:1153_IDENT:B+C",0.005,-99,-99,-99,"e10224ch"
"Leucine_(1TMS)_BP_RI:1153_IDENT:B+C",0.01,-99,-99,-99,"e10224ch"
"Leucine_(1TMS)_BP_RI:1153_IDENT:B+C",0.02,1829.6866662,48188,NA,"e10224ch"
"Leucine_(1TMS)_BP_RI:1153_IDENT:B+C",0.05,4574.2166655,81940,NA,"e10224ch"
"Leucine_(1TMS)_BP_RI:1153_IDENT:B+C",0.1,9148.433331,188521,NA,"e10224ch"
"Leucine_(1TMS)_BP_RI:1153_IDENT:B+C",0.2,18296.866662,411785,NA,"e10224ch"
"Leucine_(1TMS)_BP_RI:1153_IDENT:B+C",0.5,45742.166655,732140,NA,"e10224ch"
"Leucine_(1TMS)_BP_RI:1153_IDENT:B+C",1,91484.33331,1507304,NA,"e10224ch"
"Isoleucine_(1TMS)_BP_RI:1174_IDENT:A+D",0.005,-99,-99,-99,"e10224ch"
"Isoleucine_(1TMS)_BP_RI:1174_IDENT:A+D",0.01,-99,-99,-99,"e10224ch"
"Isoleucine_(1TMS)_BP_RI:1174_IDENT:A+D",0.02,-99,-99,-99,"e10224ch"
"Isoleucine_(1TMS)_BP_RI:1174_IDENT:A+D",0.05,1905.77832,53262,NA,"e10224ch"
"Isoleucine_(1TMS)_BP_RI:1174_IDENT:A+D",0.1,3811.55664,38539,NA,"e10224ch"
"Isoleucine_(1TMS)_BP_RI:1174_IDENT:A+D",0.2,7623.11328,67288,NA,"e10224ch"
"Isoleucine_(1TMS)_BP_RI:1174_IDENT:A+D",0.5,19057.7832,50760,NA,"e10224ch"
"Isoleucine_(1TMS)_BP_RI:1174_IDENT:A+D",1,38115.5664,58277,NA,"e10224ch"
"Alanine_ beta-_(2TMS)_BP_RI:1188_IDENT:A+D",0.005,-99,-99,-99,"e10224ch"
"Alanine_ beta-_(2TMS)_BP_RI:1188_IDENT:A+D",0.01,-99,-99,-99,"e10224ch"
"Alanine_ beta-_(2TMS)_BP_RI:1188_IDENT:A+D",0.02,-99,-99,-99,"e10224ch"
"Alanine_ beta-_(2TMS)_BP_RI:1188_IDENT:A+D",0.05,-99,-99,-99,"e10224ch"
"Alanine_ beta-_(2TMS)_BP_RI:1188_IDENT:A+D",0.1,-99,-99,-99,"e10224ch"
"Alanine_ beta-_(2TMS)_BP_RI:1188_IDENT:A+D",0.2,2244.920866,15167,NA,"e10224ch"
"Alanine_ beta-_(2TMS)_BP_RI:1188_IDENT:A+D",0.5,5612.302165,53360,NA,"e10224ch"
"Alanine_ beta-_(2TMS)_BP_RI:1188_IDENT:A+D",1,11224.60433,119702,NA,"e10224ch"
"Valine_(2TMS)_MP_RI:1212_IDENT:B+D",0.005,-99,-99,-99,"e10224ch"
"Valine_(2TMS)_MP_RI:1212_IDENT:B+D",0.01,426.8032437,19494,NA,"e10224ch"
"Valine_(2TMS)_MP_RI:1212_IDENT:B+D",0.02,853.6064874,41180,NA,"e10224ch"
"Valine_(2TMS)_MP_RI:1212_IDENT:B+D",0.05,2134.0162185,85687,NA,"e10224ch"
"Valine_(2TMS)_MP_RI:1212_IDENT:B+D",0.1,4268.032437,260245,NA,"e10224ch"
"Valine_(2TMS)_MP_RI:1212_IDENT:B+D",0.2,8536.064874,466757,NA,"e10224ch"
"Valine_(2TMS)_MP_RI:1212_IDENT:B+D",0.5,21340.162185,1301059,NA,"e10224ch"
"Valine_(2TMS)_MP_RI:1212_IDENT:B+D",1,42680.32437,2908783,NA,"e10224ch"
"Serine_(2TMS)_BP_RI:1260_IDENT:C+D",0.005,570.939195,260861,NA,"e10224ch"
"Serine_(2TMS)_BP_RI:1260_IDENT:C+D",0.01,1141.87839,247505,NA,"e10224ch"
"Serine_(2TMS)_BP_RI:1260_IDENT:C+D",0.02,2283.75678,272217,NA,"e10224ch"
"Serine_(2TMS)_BP_RI:1260_IDENT:C+D",0.05,5709.39195,384248,NA,"e10224ch"
"Serine_(2TMS)_BP_RI:1260_IDENT:C+D",0.1,11418.7839,306535,NA,"e10224ch"
"Serine_(2TMS)_BP_RI:1260_IDENT:C+D",0.2,22837.5678,355441,NA,"e10224ch"
"Serine_(2TMS)_BP_RI:1260_IDENT:C+D",0.5,57093.9195,363589,NA,"e10224ch"
"Serine_(2TMS)_BP_RI:1260_IDENT:C+D",1,114187.839,332679,NA,"e10224ch"
"Leucine_(2TMS)_MP_RI:1277_IDENT:B+C",0.005,-99,-99,-99,"e10224ch"
"Leucine_(2TMS)_MP_RI:1277_IDENT:B+C",0.01,914.8433331,222849,NA,"e10224ch"
"Leucine_(2TMS)_MP_RI:1277_IDENT:B+C",0.02,1829.6866662,144910,NA,"e10224ch"
"Leucine_(2TMS)_MP_RI:1277_IDENT:B+C",0.05,4574.2166655,159888,NA,"e10224ch"
"Leucine_(2TMS)_MP_RI:1277_IDENT:B+C",0.1,9148.433331,245506,NA,"e10224ch"
"Leucine_(2TMS)_MP_RI:1277_IDENT:B+C",0.2,18296.866662,354594,NA,"e10224ch"
"Leucine_(2TMS)_MP_RI:1277_IDENT:B+C",0.5,45742.166655,881943,NA,"e10224ch"
"Leucine_(2TMS)_MP_RI:1277_IDENT:B+C",1,91484.33331,1891762,NA,"e10224ch"
"Glycerol_(3TMS)_MP_RI:1280_IDENT:C+D",0.005,134.9819124,282707,NA,"e10224ch"
"Glycerol_(3TMS)_MP_RI:1280_IDENT:C+D",0.01,269.9638248,297371,NA,"e10224ch"
"Glycerol_(3TMS)_MP_RI:1280_IDENT:C+D",0.02,539.9276496,240930,NA,"e10224ch"
"Glycerol_(3TMS)_MP_RI:1280_IDENT:C+D",0.05,1349.819124,230934,NA,"e10224ch"
"Glycerol_(3TMS)_MP_RI:1280_IDENT:C+D",0.1,2699.638248,346476,NA,"e10224ch"
"Glycerol_(3TMS)_MP_RI:1280_IDENT:C+D",0.2,5399.276496,335330,NA,"e10224ch"
"Glycerol_(3TMS)_MP_RI:1280_IDENT:C+D",0.5,13498.19124,451868,NA,"e10224ch"
"Glycerol_(3TMS)_MP_RI:1280_IDENT:C+D",1,26996.38248,696276,NA,"e10224ch"
"Threonine_(2TMS)_BP_RI:1303_IDENT:C+D",0.005,-99,-99,-99,"e10224ch"
"Threonine_(2TMS)_BP_RI:1303_IDENT:C+D",0.01,-99,-99,-99,"e10224ch"
"Threonine_(2TMS)_BP_RI:1303_IDENT:C+D",0.02,-99,-99,-99,"e10224ch"
"Threonine_(2TMS)_BP_RI:1303_IDENT:C+D",0.05,8394.895905,66345,NA,"e10224ch"
"Threonine_(2TMS)_BP_RI:1303_IDENT:C+D",0.1,16789.79181,130729,NA,"e10224ch"
"Threonine_(2TMS)_BP_RI:1303_IDENT:C+D",0.2,33579.58362,353772,NA,"e10224ch"
"Threonine_(2TMS)_BP_RI:1303_IDENT:C+D",0.5,83948.95905,574744,NA,"e10224ch"
"Threonine_(2TMS)_BP_RI:1303_IDENT:C+D",1,167897.9181,1015189,NA,"e10224ch"
"Proline_(2TMS)_MP_RI:1305_IDENT:A+B",0.005,-99,-99,-99,"e10224ch"
"Proline_(2TMS)_MP_RI:1305_IDENT:A+B",0.01,-99,-99,-99,"e10224ch"
"Proline_(2TMS)_MP_RI:1305_IDENT:A+B",0.02,-99,-99,-99,"e10224ch"
"Proline_(2TMS)_MP_RI:1305_IDENT:A+B",0.05,3040.041692,36128,NA,"e10224ch"
"Proline_(2TMS)_MP_RI:1305_IDENT:A+B",0.1,6080.083384,73028,NA,"e10224ch"
"Proline_(2TMS)_MP_RI:1305_IDENT:A+B",0.2,12160.166768,175257,NA,"e10224ch"
"Proline_(2TMS)_MP_RI:1305_IDENT:A+B",0.5,30400.41692,489192,NA,"e10224ch"
"Proline_(2TMS)_MP_RI:1305_IDENT:A+B",1,60800.83384,1196430,NA,"e10224ch"
"Glycine_(3TMS)_MP_RI:1314_IDENT:A+C",0.005,333.0225123,91630,NA,"e10224ch"
"Glycine_(3TMS)_MP_RI:1314_IDENT:A+C",0.01,666.0450246,86059,NA,"e10224ch"
"Glycine_(3TMS)_MP_RI:1314_IDENT:A+C",0.02,1332.0900492,190621,NA,"e10224ch"
"Glycine_(3TMS)_MP_RI:1314_IDENT:A+C",0.05,3330.225123,447557,NA,"e10224ch"
"Glycine_(3TMS)_MP_RI:1314_IDENT:A+C",0.1,6660.450246,1333353,NA,"e10224ch"
"Glycine_(3TMS)_MP_RI:1314_IDENT:A+C",0.2,13320.900492,2201535,NA,"e10224ch"
"Glycine_(3TMS)_MP_RI:1314_IDENT:A+C",0.5,33302.25123,4806430,NA,"e10224ch"
"Glycine_(3TMS)_MP_RI:1314_IDENT:A+C",1,66604.50246,10628509,NA,"e10224ch"
"Succinic acid_(2TMS)_MP_RI:1327_IDENT:A+D",0.005,-99,-99,-99,"e10224ch"
"Succinic acid_(2TMS)_MP_RI:1327_IDENT:A+D",0.01,423.4058769,30623,NA,"e10224ch"
"Succinic acid_(2TMS)_MP_RI:1327_IDENT:A+D",0.02,846.8117538,21321,NA,"e10224ch"
"Succinic acid_(2TMS)_MP_RI:1327_IDENT:A+D",0.05,2117.0293845,28263,NA,"e10224ch"
"Succinic acid_(2TMS)_MP_RI:1327_IDENT:A+D",0.1,4234.058769,103801,NA,"e10224ch"
"Succinic acid_(2TMS)_MP_RI:1327_IDENT:A+D",0.2,8468.117538,159022,NA,"e10224ch"
"Succinic acid_(2TMS)_MP_RI:1327_IDENT:A+D",0.5,21170.293845,516749,NA,"e10224ch"
"Succinic acid_(2TMS)_MP_RI:1327_IDENT:A+D",1,42340.58769,1123892,NA,"e10224ch"
"Glyceric acid_(3TMS)_MP_RI:1342_IDENT:A+B",0.005,-99,-99,-99,"e10224ch"
"Glyceric acid_(3TMS)_MP_RI:1342_IDENT:A+B",0.01,-99,-99,-99,"e10224ch"
"Glyceric acid_(3TMS)_MP_RI:1342_IDENT:A+B",0.02,-99,-99,-99,"e10224ch"
"Glyceric acid_(3TMS)_MP_RI:1342_IDENT:A+B",0.05,2173.9130435,49208,NA,"e10224ch"
"Glyceric acid_(3TMS)_MP_RI:1342_IDENT:A+B",0.1,4347.826087,31190,NA,"e10224ch"
"Glyceric acid_(3TMS)_MP_RI:1342_IDENT:A+B",0.2,8695.652174,87284,NA,"e10224ch"
"Glyceric acid_(3TMS)_MP_RI:1342_IDENT:A+B",0.5,21739.130435,119592,NA,"e10224ch"
"Glyceric acid_(3TMS)_MP_RI:1342_IDENT:A+B",1,43478.26087,150671,NA,"e10224ch"
"Uracil_(2TMS)_MP_RI:1350_IDENT:A+C",0.005,133.82103665,2235669,NA,"e10224ch"
"Uracil_(2TMS)_MP_RI:1350_IDENT:A+C",0.01,267.6420733,1471926,NA,"e10224ch"
"Uracil_(2TMS)_MP_RI:1350_IDENT:A+C",0.02,535.2841466,1124705,NA,"e10224ch"
"Uracil_(2TMS)_MP_RI:1350_IDENT:A+C",0.05,1338.2103665,1510295,NA,"e10224ch"
"Uracil_(2TMS)_MP_RI:1350_IDENT:A+C",0.1,2676.420733,1092499,NA,"e10224ch"
"Uracil_(2TMS)_MP_RI:1350_IDENT:A+C",0.2,5352.841466,1030204,NA,"e10224ch"
"Uracil_(2TMS)_MP_RI:1350_IDENT:A+C",0.5,13382.103665,1154007,NA,"e10224ch"
"Uracil_(2TMS)_MP_RI:1350_IDENT:A+C",1,26764.20733,1353424,NA,"e10224ch"
"Fumaric acid_(2TMS)_MP_RI:1366_IDENT:A+C",0.005,172.30981305,43397,NA,"e10224ch"
"Fumaric acid_(2TMS)_MP_RI:1366_IDENT:A+C",0.01,344.6196261,24505,NA,"e10224ch"
"Fumaric acid_(2TMS)_MP_RI:1366_IDENT:A+C",0.02,689.2392522,20665,NA,"e10224ch"
"Fumaric acid_(2TMS)_MP_RI:1366_IDENT:A+C",0.05,1723.0981305,30367,NA,"e10224ch"
"Fumaric acid_(2TMS)_MP_RI:1366_IDENT:A+C",0.1,3446.196261,133244,NA,"e10224ch"
"Fumaric acid_(2TMS)_MP_RI:1366_IDENT:A+C",0.2,6892.392522,292678,NA,"e10224ch"
"Fumaric acid_(2TMS)_MP_RI:1366_IDENT:A+C",0.5,17230.981305,882146,NA,"e10224ch"
"Fumaric acid_(2TMS)_MP_RI:1366_IDENT:A+C",1,34461.96261,2043613,NA,"e10224ch"
"Alanine_(3TMS)_MP_RI:1367_IDENT:B+C",0.005,-99,-99,-99,"e10224ch"
"Alanine_(3TMS)_MP_RI:1367_IDENT:B+C",0.01,-99,-99,-99,"e10224ch"
"Alanine_(3TMS)_MP_RI:1367_IDENT:B+C",0.02,-99,-99,-99,"e10224ch"
"Alanine_(3TMS)_MP_RI:1367_IDENT:B+C",0.05,561.2302165,42506,NA,"e10224ch"
"Alanine_(3TMS)_MP_RI:1367_IDENT:B+C",0.1,1122.460433,60282,NA,"e10224ch"
"Alanine_(3TMS)_MP_RI:1367_IDENT:B+C",0.2,2244.920866,78784,NA,"e10224ch"
"Alanine_(3TMS)_MP_RI:1367_IDENT:B+C",0.5,5612.302165,351784,NA,"e10224ch"
"Alanine_(3TMS)_MP_RI:1367_IDENT:B+C",1,11224.60433,726181,NA,"e10224ch"
"Serine_(3TMS)_MP_RI:1373_IDENT:C+D",0.005,-99,-99,-99,"e10224ch"
"Serine_(3TMS)_MP_RI:1373_IDENT:C+D",0.01,-99,-99,-99,"e10224ch"
"Serine_(3TMS)_MP_RI:1373_IDENT:C+D",0.02,-99,-99,-99,"e10224ch"
"Serine_(3TMS)_MP_RI:1373_IDENT:C+D",0.05,-99,-99,-99,"e10224ch"
"Serine_(3TMS)_MP_RI:1373_IDENT:C+D",0.1,11418.7839,163151,NA,"e10224ch"
"Serine_(3TMS)_MP_RI:1373_IDENT:C+D",0.2,22837.5678,145474,NA,"e10224ch"
"Serine_(3TMS)_MP_RI:1373_IDENT:C+D",0.5,57093.9195,547744,NA,"e10224ch"
"Serine_(3TMS)_MP_RI:1373_IDENT:C+D",1,114187.839,1532857,NA,"e10224ch"
"Threonine_(3TMS)_MP_RI:1397_IDENT:C+D",0.005,-99,-99,-99,"e10224ch"
"Threonine_(3TMS)_MP_RI:1397_IDENT:C+D",0.01,-99,-99,-99,"e10224ch"
"Threonine_(3TMS)_MP_RI:1397_IDENT:C+D",0.02,-99,-99,-99,"e10224ch"
"Threonine_(3TMS)_MP_RI:1397_IDENT:C+D",0.05,8394.895905,64447,NA,"e10224ch"
"Threonine_(3TMS)_MP_RI:1397_IDENT:C+D",0.1,16789.79181,235377,NA,"e10224ch"
"Threonine_(3TMS)_MP_RI:1397_IDENT:C+D",0.2,33579.58362,430022,NA,"e10224ch"
"Threonine_(3TMS)_MP_RI:1397_IDENT:C+D",0.5,83948.95905,1408428,NA,"e10224ch"
"Threonine_(3TMS)_MP_RI:1397_IDENT:C+D",1,167897.9181,3666006,NA,"e10224ch"
"Glutaric acid_(2TMS)_MP_RI:1418_IDENT:A+B",0.005,-99,-99,-99,"e10224ch"
"Glutaric acid_(2TMS)_MP_RI:1418_IDENT:A+B",0.01,-99,-99,-99,"e10224ch"
"Glutaric acid_(2TMS)_MP_RI:1418_IDENT:A+B",0.02,-99,-99,-99,"e10224ch"
"Glutaric acid_(2TMS)_MP_RI:1418_IDENT:A+B",0.05,1711.156742,18904,NA,"e10224ch"
"Glutaric acid_(2TMS)_MP_RI:1418_IDENT:A+B",0.1,3422.313484,65244,NA,"e10224ch"
"Glutaric acid_(2TMS)_MP_RI:1418_IDENT:A+B",0.2,6844.626968,171816,NA,"e10224ch"
"Glutaric acid_(2TMS)_MP_RI:1418_IDENT:A+B",0.5,17111.56742,450242,NA,"e10224ch"
"Glutaric acid_(2TMS)_MP_RI:1418_IDENT:A+B",1,34223.13484,1243124,NA,"e10224ch"
"Methionine_(1TMS)_BP_RI:1422_IDENT:C+D",0.005,-99,-99,-99,"e10224ch"
"Methionine_(1TMS)_BP_RI:1422_IDENT:C+D",0.01,-99,-99,-99,"e10224ch"
"Methionine_(1TMS)_BP_RI:1422_IDENT:C+D",0.02,134.0392735,39732,NA,"e10224ch"
"Methionine_(1TMS)_BP_RI:1422_IDENT:C+D",0.05,335.09818375,78914,NA,"e10224ch"
"Methionine_(1TMS)_BP_RI:1422_IDENT:C+D",0.1,670.1963675,202783,NA,"e10224ch"
"Methionine_(1TMS)_BP_RI:1422_IDENT:C+D",0.2,1340.392735,402556,NA,"e10224ch"
"Methionine_(1TMS)_BP_RI:1422_IDENT:C+D",0.5,3350.9818375,619318,NA,"e10224ch"
"Methionine_(1TMS)_BP_RI:1422_IDENT:C+D",1,6701.963675,904642,NA,"e10224ch"
"Alanine_ beta-_(3TMS)_MP_RI:1435_IDENT:A+D",0.005,-99,-99,-99,"e10224ch"
"Alanine_ beta-_(3TMS)_MP_RI:1435_IDENT:A+D",0.01,112.2460433,46326,NA,"e10224ch"
"Alanine_ beta-_(3TMS)_MP_RI:1435_IDENT:A+D",0.02,224.4920866,87660,NA,"e10224ch"
"Alanine_ beta-_(3TMS)_MP_RI:1435_IDENT:A+D",0.05,561.2302165,252619,NA,"e10224ch"
"Alanine_ beta-_(3TMS)_MP_RI:1435_IDENT:A+D",0.1,1122.460433,636060,NA,"e10224ch"
"Alanine_ beta-_(3TMS)_MP_RI:1435_IDENT:A+D",0.2,2244.920866,1300571,NA,"e10224ch"
"Alanine_ beta-_(3TMS)_MP_RI:1435_IDENT:A+D",0.5,5612.302165,2904395,NA,"e10224ch"
"Alanine_ beta-_(3TMS)_MP_RI:1435_IDENT:A+D",1,11224.60433,6423470,NA,"e10224ch"
"Aspartic acid_(2TMS)_BP_RI:1433_IDENT:A+C",0.005,75.12583575,8188,NA,"e10224ch"
"Aspartic acid_(2TMS)_BP_RI:1433_IDENT:A+C",0.01,150.2516715,22876,NA,"e10224ch"
"Aspartic acid_(2TMS)_BP_RI:1433_IDENT:A+C",0.02,300.503343,28548,NA,"e10224ch"
"Aspartic acid_(2TMS)_BP_RI:1433_IDENT:A+C",0.05,751.2583575,86180,NA,"e10224ch"
"Aspartic acid_(2TMS)_BP_RI:1433_IDENT:A+C",0.1,1502.516715,123961,NA,"e10224ch"
"Aspartic acid_(2TMS)_BP_RI:1433_IDENT:A+C",0.2,3005.03343,455094,NA,"e10224ch"
"Aspartic acid_(2TMS)_BP_RI:1433_IDENT:A+C",0.5,7512.583575,833758,NA,"e10224ch"
"Aspartic acid_(2TMS)_BP_RI:1433_IDENT:A+C",1,15025.16715,91883,NA,"e10224ch"
"Malic acid_(3TMS)_MP_RI:1487_IDENT:B+D",0.005,223.7303304,9820,NA,"e10224ch"
"Malic acid_(3TMS)_MP_RI:1487_IDENT:B+D",0.01,-99,-99,-99,"e10224ch"
"Malic acid_(3TMS)_MP_RI:1487_IDENT:B+D",0.02,-99,-99,-99,"e10224ch"
"Malic acid_(3TMS)_MP_RI:1487_IDENT:B+D",0.05,2237.303304,51033,NA,"e10224ch"
"Malic acid_(3TMS)_MP_RI:1487_IDENT:B+D",0.1,4474.606608,87213,NA,"e10224ch"
"Malic acid_(3TMS)_MP_RI:1487_IDENT:B+D",0.2,8949.213216,195145,NA,"e10224ch"
"Malic acid_(3TMS)_MP_RI:1487_IDENT:B+D",0.5,22373.03304,642561,NA,"e10224ch"
"Malic acid_(3TMS)_MP_RI:1487_IDENT:B+D",1,44746.06608,1507825,NA,"e10224ch"
"Erythritol_(4TMS)_MP_RI:1503_IDENT:A+B",0.005,409.43334425,72496,NA,"e10224ch"
"Erythritol_(4TMS)_MP_RI:1503_IDENT:A+B",0.01,818.8666885,84605,NA,"e10224ch"
"Erythritol_(4TMS)_MP_RI:1503_IDENT:A+B",0.02,1637.733377,46554,NA,"e10224ch"
"Erythritol_(4TMS)_MP_RI:1503_IDENT:A+B",0.05,4094.3334425,48011,NA,"e10224ch"
"Erythritol_(4TMS)_MP_RI:1503_IDENT:A+B",0.1,8188.666885,35552,NA,"e10224ch"
"Erythritol_(4TMS)_MP_RI:1503_IDENT:A+B",0.2,16377.33377,49366,NA,"e10224ch"
"Erythritol_(4TMS)_MP_RI:1503_IDENT:A+B",0.5,40943.334425,37429,NA,"e10224ch"
"Erythritol_(4TMS)_MP_RI:1503_IDENT:A+B",1,81886.66885,76644,NA,"e10224ch"
"Methionine_(2TMS)_MP_RI:1516_IDENT:C+D",0.005,-99,-99,-99,"e10224ch"
"Methionine_(2TMS)_MP_RI:1516_IDENT:C+D",0.01,-99,-99,-99,"e10224ch"
"Methionine_(2TMS)_MP_RI:1516_IDENT:C+D",0.02,-99,-99,-99,"e10224ch"
"Methionine_(2TMS)_MP_RI:1516_IDENT:C+D",0.05,-99,-99,-99,"e10224ch"
"Methionine_(2TMS)_MP_RI:1516_IDENT:C+D",0.1,670.1963675,38986,NA,"e10224ch"
"Methionine_(2TMS)_MP_RI:1516_IDENT:C+D",0.2,1340.392735,115345,NA,"e10224ch"
"Methionine_(2TMS)_MP_RI:1516_IDENT:C+D",0.5,3350.9818375,414060,NA,"e10224ch"
"Methionine_(2TMS)_MP_RI:1516_IDENT:C+D",1,6701.963675,1420669,NA,"e10224ch"
"Pyroglutamic acid_(2TMS)_MP_RI:1518_IDENT:A+D",0.005,464.68401485,409641,NA,"e10224ch"
"Pyroglutamic acid_(2TMS)_MP_RI:1518_IDENT:A+D",0.01,929.3680297,233437,NA,"e10224ch"
"Pyroglutamic acid_(2TMS)_MP_RI:1518_IDENT:A+D",0.02,1858.7360594,217556,NA,"e10224ch"
"Pyroglutamic acid_(2TMS)_MP_RI:1518_IDENT:A+D",0.05,4646.8401485,267471,NA,"e10224ch"
"Pyroglutamic acid_(2TMS)_MP_RI:1518_IDENT:A+D",0.1,9293.680297,513435,NA,"e10224ch"
"Pyroglutamic acid_(2TMS)_MP_RI:1518_IDENT:A+D",0.2,18587.360594,848819,NA,"e10224ch"
"Pyroglutamic acid_(2TMS)_MP_RI:1518_IDENT:A+D",0.5,46468.401485,1768675,NA,"e10224ch"
"Pyroglutamic acid_(2TMS)_MP_RI:1518_IDENT:A+D",1,92936.80297,3766033,NA,"e10224ch"
"Butanoic acid_ 4-amino-_(3TMS)_MP_RI:1527_IDENT:A+C",0.005,48.48719938,37579,NA,"e10224ch"
"Butanoic acid_ 4-amino-_(3TMS)_MP_RI:1527_IDENT:A+C",0.01,96.97439876,44761,NA,"e10224ch"
"Butanoic acid_ 4-amino-_(3TMS)_MP_RI:1527_IDENT:A+C",0.02,193.94879752,78131,NA,"e10224ch"
"Butanoic acid_ 4-amino-_(3TMS)_MP_RI:1527_IDENT:A+C",0.05,484.8719938,164228,NA,"e10224ch"
"Butanoic acid_ 4-amino-_(3TMS)_MP_RI:1527_IDENT:A+C",0.1,969.7439876,389823,NA,"e10224ch"
"Butanoic acid_ 4-amino-_(3TMS)_MP_RI:1527_IDENT:A+C",0.2,1939.4879752,803534,NA,"e10224ch"
"Butanoic acid_ 4-amino-_(3TMS)_MP_RI:1527_IDENT:A+C",0.5,4848.719938,1838478,NA,"e10224ch"
"Butanoic acid_ 4-amino-_(3TMS)_MP_RI:1527_IDENT:A+C",1,9697.439876,4145604,NA,"e10224ch"
"Glutamic acid_(2TMS)_BP_RI:1533_IDENT:A+B",0.005,679.671039,25253,NA,"e10224ch"
"Glutamic acid_(2TMS)_BP_RI:1533_IDENT:A+B",0.01,-99,-99,-99,"e10224ch"
"Glutamic acid_(2TMS)_BP_RI:1533_IDENT:A+B",0.02,-99,-99,-99,"e10224ch"
"Glutamic acid_(2TMS)_BP_RI:1533_IDENT:A+B",0.05,-99,-99,-99,"e10224ch"
"Glutamic acid_(2TMS)_BP_RI:1533_IDENT:A+B",0.1,13593.42078,32392,NA,"e10224ch"
"Glutamic acid_(2TMS)_BP_RI:1533_IDENT:A+B",0.2,27186.84156,33400,NA,"e10224ch"
"Glutamic acid_(2TMS)_BP_RI:1533_IDENT:A+B",0.5,67967.1039,101334,NA,"e10224ch"
"Glutamic acid_(2TMS)_BP_RI:1533_IDENT:A+B",1,135934.2078,121682,NA,"e10224ch"
"Creatinine_(3TMS)_MP_RI:1549_IDENT:B+C",0.005,-99,-99,-99,"e10224ch"
"Creatinine_(3TMS)_MP_RI:1549_IDENT:B+C",0.01,-99,-99,-99,"e10224ch"
"Creatinine_(3TMS)_MP_RI:1549_IDENT:B+C",0.02,-99,-99,-99,"e10224ch"
"Creatinine_(3TMS)_MP_RI:1549_IDENT:B+C",0.05,2210.042433,39803,NA,"e10224ch"
"Creatinine_(3TMS)_MP_RI:1549_IDENT:B+C",0.1,4420.084866,74547,NA,"e10224ch"
"Creatinine_(3TMS)_MP_RI:1549_IDENT:B+C",0.2,8840.169732,171060,NA,"e10224ch"
"Creatinine_(3TMS)_MP_RI:1549_IDENT:B+C",0.5,22100.42433,411510,NA,"e10224ch"
"Creatinine_(3TMS)_MP_RI:1549_IDENT:B+C",1,44200.84866,1099059,NA,"e10224ch"
"Phenylalanine_(1TMS)_BP_RI:1547_IDENT:B+C",0.005,242.1454083,49056,NA,"e10224ch"
"Phenylalanine_(1TMS)_BP_RI:1547_IDENT:B+C",0.01,484.2908166,52449,NA,"e10224ch"
"Phenylalanine_(1TMS)_BP_RI:1547_IDENT:B+C",0.02,968.5816332,59703,NA,"e10224ch"
"Phenylalanine_(1TMS)_BP_RI:1547_IDENT:B+C",0.05,2421.454083,157892,NA,"e10224ch"
"Phenylalanine_(1TMS)_BP_RI:1547_IDENT:B+C",0.1,4842.908166,307140,NA,"e10224ch"
"Phenylalanine_(1TMS)_BP_RI:1547_IDENT:B+C",0.2,9685.816332,681684,NA,"e10224ch"
"Phenylalanine_(1TMS)_BP_RI:1547_IDENT:B+C",0.5,24214.54083,1207929,NA,"e10224ch"
"Phenylalanine_(1TMS)_BP_RI:1547_IDENT:B+C",1,48429.08166,2049919,NA,"e10224ch"
"Ribose_ 2-deoxy-_(1MEOX)(3TMS)_BP_RI:1572_IDENT:A+D",0.005,-99,-99,-99,"e10224ch"
"Ribose_ 2-deoxy-_(1MEOX)(3TMS)_BP_RI:1572_IDENT:A+D",0.01,-99,-99,-99,"e10224ch"
"Ribose_ 2-deoxy-_(1MEOX)(3TMS)_BP_RI:1572_IDENT:A+D",0.02,149.10907328,43196,NA,"e10224ch"
"Ribose_ 2-deoxy-_(1MEOX)(3TMS)_BP_RI:1572_IDENT:A+D",0.05,372.7726832,91263,NA,"e10224ch"
"Ribose_ 2-deoxy-_(1MEOX)(3TMS)_BP_RI:1572_IDENT:A+D",0.1,745.5453664,220302,NA,"e10224ch"
"Ribose_ 2-deoxy-_(1MEOX)(3TMS)_BP_RI:1572_IDENT:A+D",0.2,1491.0907328,482665,NA,"e10224ch"
"Ribose_ 2-deoxy-_(1MEOX)(3TMS)_BP_RI:1572_IDENT:A+D",0.5,3727.726832,1048397,NA,"e10224ch"
"Ribose_ 2-deoxy-_(1MEOX)(3TMS)_BP_RI:1572_IDENT:A+D",1,7455.453664,2174090,NA,"e10224ch"
"Ribose_ 2-deoxy-_(1MEOX)(3TMS)_MP_RI:1574_IDENT:A+D",0.005,-99,-99,-99,"e10224ch"
"Ribose_ 2-deoxy-_(1MEOX)(3TMS)_MP_RI:1574_IDENT:A+D",0.01,-99,-99,-99,"e10224ch"
"Ribose_ 2-deoxy-_(1MEOX)(3TMS)_MP_RI:1574_IDENT:A+D",0.02,-99,-99,-99,"e10224ch"
"Ribose_ 2-deoxy-_(1MEOX)(3TMS)_MP_RI:1574_IDENT:A+D",0.05,372.7726832,89198,NA,"e10224ch"
"Ribose_ 2-deoxy-_(1MEOX)(3TMS)_MP_RI:1574_IDENT:A+D",0.1,745.5453664,214126,NA,"e10224ch"
"Ribose_ 2-deoxy-_(1MEOX)(3TMS)_MP_RI:1574_IDENT:A+D",0.2,1491.0907328,468595,NA,"e10224ch"
"Ribose_ 2-deoxy-_(1MEOX)(3TMS)_MP_RI:1574_IDENT:A+D",0.5,3727.726832,1015213,NA,"e10224ch"
"Ribose_ 2-deoxy-_(1MEOX)(3TMS)_MP_RI:1574_IDENT:A+D",1,7455.453664,2111899,NA,"e10224ch"
"Glutaric acid_ 2-oxo-_(1MEOX)(2TMS)_MP_RI:1579_IDENT:B+C",0.005,-99,-99,-99,"e10224ch"
"Glutaric acid_ 2-oxo-_(1MEOX)(2TMS)_MP_RI:1579_IDENT:B+C",0.01,-99,-99,-99,"e10224ch"
"Glutaric acid_ 2-oxo-_(1MEOX)(2TMS)_MP_RI:1579_IDENT:B+C",0.02,-99,-99,-99,"e10224ch"
"Glutaric acid_ 2-oxo-_(1MEOX)(2TMS)_MP_RI:1579_IDENT:B+C",0.05,-99,-99,-99,"e10224ch"
"Glutaric acid_ 2-oxo-_(1MEOX)(2TMS)_MP_RI:1579_IDENT:B+C",0.1,3422.313484,51821,NA,"e10224ch"
"Glutaric acid_ 2-oxo-_(1MEOX)(2TMS)_MP_RI:1579_IDENT:B+C",0.2,6844.626968,76547,NA,"e10224ch"
"Glutaric acid_ 2-oxo-_(1MEOX)(2TMS)_MP_RI:1579_IDENT:B+C",0.5,17111.56742,377781,NA,"e10224ch"
"Glutaric acid_ 2-oxo-_(1MEOX)(2TMS)_MP_RI:1579_IDENT:B+C",1,34223.13484,998289,NA,"e10224ch"
"Hypotaurine_(3TMS)_MP_RI:1597_IDENT:A+C",0.005,91.61704075,44673,NA,"e10224ch"
"Hypotaurine_(3TMS)_MP_RI:1597_IDENT:A+C",0.01,183.2340815,45748,NA,"e10224ch"
"Hypotaurine_(3TMS)_MP_RI:1597_IDENT:A+C",0.02,366.468163,84483,NA,"e10224ch"
"Hypotaurine_(3TMS)_MP_RI:1597_IDENT:A+C",0.05,916.1704075,242440,NA,"e10224ch"
"Hypotaurine_(3TMS)_MP_RI:1597_IDENT:A+C",0.1,1832.340815,531760,NA,"e10224ch"
"Hypotaurine_(3TMS)_MP_RI:1597_IDENT:A+C",0.2,3664.68163,1112907,NA,"e10224ch"
"Hypotaurine_(3TMS)_MP_RI:1597_IDENT:A+C",0.5,9161.704075,2187201,NA,"e10224ch"
"Hypotaurine_(3TMS)_MP_RI:1597_IDENT:A+C",1,18323.40815,4692283,NA,"e10224ch"
"Cytosine_(3TMS)_BP_RI:1629_IDENT:A+B",0.005,45.00450045,29140,NA,"e10224ch"
"Cytosine_(3TMS)_BP_RI:1629_IDENT:A+B",0.01,90.0090009,21726,NA,"e10224ch"
"Cytosine_(3TMS)_BP_RI:1629_IDENT:A+B",0.02,180.0180018,23975,NA,"e10224ch"
"Cytosine_(3TMS)_BP_RI:1629_IDENT:A+B",0.05,450.0450045,21101,NA,"e10224ch"
"Cytosine_(3TMS)_BP_RI:1629_IDENT:A+B",0.1,900.090009,56413,NA,"e10224ch"
"Cytosine_(3TMS)_BP_RI:1629_IDENT:A+B",0.2,1800.180018,38220,NA,"e10224ch"
"Cytosine_(3TMS)_BP_RI:1629_IDENT:A+B",0.5,4500.450045,75339,NA,"e10224ch"
"Cytosine_(3TMS)_BP_RI:1629_IDENT:A+B",1,9000.90009,241307,NA,"e10224ch"
"Putrescine_(4TMS)_MP_RI:1730_IDENT:A+D",0.005,31.042403925,38398,NA,"e10224ch"
"Putrescine_(4TMS)_MP_RI:1730_IDENT:A+D",0.01,62.08480785,56862,NA,"e10224ch"
"Putrescine_(4TMS)_MP_RI:1730_IDENT:A+D",0.02,124.1696157,106490,NA,"e10224ch"
"Putrescine_(4TMS)_MP_RI:1730_IDENT:A+D",0.05,310.42403925,253861,NA,"e10224ch"
"Putrescine_(4TMS)_MP_RI:1730_IDENT:A+D",0.1,620.8480785,586375,NA,"e10224ch"
"Putrescine_(4TMS)_MP_RI:1730_IDENT:A+D",0.2,1241.696157,1322517,NA,"e10224ch"
"Putrescine_(4TMS)_MP_RI:1730_IDENT:A+D",0.5,3104.2403925,3024158,NA,"e10224ch"
"Putrescine_(4TMS)_MP_RI:1730_IDENT:A+D",1,6208.480785,6645148,NA,"e10224ch"
"Dihydroxyacetone phosphate_(1MEOX)(3TMS)_MP_RI:1739_IDENT:A+B",0.005,440.9171076,8946,NA,"e10224ch"
"Dihydroxyacetone phosphate_(1MEOX)(3TMS)_MP_RI:1739_IDENT:A+B",0.01,881.8342152,9225,NA,"e10224ch"
"Dihydroxyacetone phosphate_(1MEOX)(3TMS)_MP_RI:1739_IDENT:A+B",0.02,1763.6684304,14977,NA,"e10224ch"
"Dihydroxyacetone phosphate_(1MEOX)(3TMS)_MP_RI:1739_IDENT:A+B",0.05,4409.171076,10766,NA,"e10224ch"
"Dihydroxyacetone phosphate_(1MEOX)(3TMS)_MP_RI:1739_IDENT:A+B",0.1,8818.342152,14661,NA,"e10224ch"
"Dihydroxyacetone phosphate_(1MEOX)(3TMS)_MP_RI:1739_IDENT:A+B",0.2,17636.684304,9788,NA,"e10224ch"
"Dihydroxyacetone phosphate_(1MEOX)(3TMS)_MP_RI:1739_IDENT:A+B",0.5,44091.71076,25426,NA,"e10224ch"
"Dihydroxyacetone phosphate_(1MEOX)(3TMS)_MP_RI:1739_IDENT:A+B",1,88183.42152,40299,NA,"e10224ch"
"Dihydroxyacetone phosphate_(1MEOX)(3TMS)_BP_RI:1751_IDENT:A+B",0.005,440.9171076,30450,NA,"e10224ch"
"Dihydroxyacetone phosphate_(1MEOX)(3TMS)_BP_RI:1751_IDENT:A+B",0.01,881.8342152,32060,NA,"e10224ch"
"Dihydroxyacetone phosphate_(1MEOX)(3TMS)_BP_RI:1751_IDENT:A+B",0.02,1763.6684304,35402,NA,"e10224ch"
"Dihydroxyacetone phosphate_(1MEOX)(3TMS)_BP_RI:1751_IDENT:A+B",0.05,4409.171076,20143,NA,"e10224ch"
"Dihydroxyacetone phosphate_(1MEOX)(3TMS)_BP_RI:1751_IDENT:A+B",0.1,8818.342152,27469,NA,"e10224ch"
"Dihydroxyacetone phosphate_(1MEOX)(3TMS)_BP_RI:1751_IDENT:A+B",0.2,17636.684304,15973,NA,"e10224ch"
"Dihydroxyacetone phosphate_(1MEOX)(3TMS)_BP_RI:1751_IDENT:A+B",0.5,44091.71076,11442,NA,"e10224ch"
"Dihydroxyacetone phosphate_(1MEOX)(3TMS)_BP_RI:1751_IDENT:A+B",1,88183.42152,11907,NA,"e10224ch"
"Glycerol-3-phosphate_(4TMS)_MP_RI:1756_IDENT:B+C",0.005,134.9819124,39963,NA,"e10224ch"
"Glycerol-3-phosphate_(4TMS)_MP_RI:1756_IDENT:B+C",0.01,269.9638248,32255,NA,"e10224ch"
"Glycerol-3-phosphate_(4TMS)_MP_RI:1756_IDENT:B+C",0.02,539.9276496,51545,NA,"e10224ch"
"Glycerol-3-phosphate_(4TMS)_MP_RI:1756_IDENT:B+C",0.05,1349.819124,47834,NA,"e10224ch"
"Glycerol-3-phosphate_(4TMS)_MP_RI:1756_IDENT:B+C",0.1,2699.638248,54969,NA,"e10224ch"
"Glycerol-3-phosphate_(4TMS)_MP_RI:1756_IDENT:B+C",0.2,5399.276496,57752,NA,"e10224ch"
"Glycerol-3-phosphate_(4TMS)_MP_RI:1756_IDENT:B+C",0.5,13498.19124,87688,NA,"e10224ch"
"Glycerol-3-phosphate_(4TMS)_MP_RI:1756_IDENT:B+C",1,26996.38248,92057,NA,"e10224ch"
"Glutamine_(3TMS)_MP_RI:1770_IDENT:C+D",0.005,684.2753525,10826,NA,"e10224ch"
"Glutamine_(3TMS)_MP_RI:1770_IDENT:C+D",0.01,1368.550705,11341,NA,"e10224ch"
"Glutamine_(3TMS)_MP_RI:1770_IDENT:C+D",0.02,2737.10141,6061,NA,"e10224ch"
"Glutamine_(3TMS)_MP_RI:1770_IDENT:C+D",0.05,-99,-99,-99,"e10224ch"
"Glutamine_(3TMS)_MP_RI:1770_IDENT:C+D",0.1,-99,-99,-99,"e10224ch"
"Glutamine_(3TMS)_MP_RI:1770_IDENT:C+D",0.2,-99,-99,-99,"e10224ch"
"Glutamine_(3TMS)_MP_RI:1770_IDENT:C+D",0.5,-99,-99,-99,"e10224ch"
"Glutamine_(3TMS)_MP_RI:1770_IDENT:C+D",1,-99,-99,-99,"e10224ch"
"Glyceric acid-3-phosphate_(4TMS)_MP_RI:1802_IDENT:B+D",0.005,-99,-99,-99,"e10224ch"
"Glyceric acid-3-phosphate_(4TMS)_MP_RI:1802_IDENT:B+D",0.01,-99,-99,-99,"e10224ch"
"Glyceric acid-3-phosphate_(4TMS)_MP_RI:1802_IDENT:B+D",0.02,-99,-99,-99,"e10224ch"
"Glyceric acid-3-phosphate_(4TMS)_MP_RI:1802_IDENT:B+D",0.05,-99,-99,-99,"e10224ch"
"Glyceric acid-3-phosphate_(4TMS)_MP_RI:1802_IDENT:B+D",0.1,4347.826087,28490,NA,"e10224ch"
"Glyceric acid-3-phosphate_(4TMS)_MP_RI:1802_IDENT:B+D",0.2,8695.652174,52727,NA,"e10224ch"
"Glyceric acid-3-phosphate_(4TMS)_MP_RI:1802_IDENT:B+D",0.5,21739.130435,316127,NA,"e10224ch"
"Glyceric acid-3-phosphate_(4TMS)_MP_RI:1802_IDENT:B+D",1,43478.26087,752958,NA,"e10224ch"
"Citric acid_(4TMS)_MP_RI:1814_IDENT:B+D",0.005,-99,-99,-99,"e10224ch"
"Citric acid_(4TMS)_MP_RI:1814_IDENT:B+D",0.01,-99,-99,-99,"e10224ch"
"Citric acid_(4TMS)_MP_RI:1814_IDENT:B+D",0.02,1041.0160316,17686,NA,"e10224ch"
"Citric acid_(4TMS)_MP_RI:1814_IDENT:B+D",0.05,2602.540079,27304,NA,"e10224ch"
"Citric acid_(4TMS)_MP_RI:1814_IDENT:B+D",0.1,5205.080158,92250,NA,"e10224ch"
"Citric acid_(4TMS)_MP_RI:1814_IDENT:B+D",0.2,10410.160316,201310,NA,"e10224ch"
"Citric acid_(4TMS)_MP_RI:1814_IDENT:B+D",0.5,26025.40079,822433,NA,"e10224ch"
"Citric acid_(4TMS)_MP_RI:1814_IDENT:B+D",1,52050.80158,2118274,NA,"e10224ch"
"Lysine_(3TMS)_BP_RI:1849_IDENT:A+C",0.005,-99,-99,-99,"e10224ch"
"Lysine_(3TMS)_BP_RI:1849_IDENT:A+C",0.01,205.3107035,51185,NA,"e10224ch"
"Lysine_(3TMS)_BP_RI:1849_IDENT:A+C",0.02,410.621407,37657,NA,"e10224ch"
"Lysine_(3TMS)_BP_RI:1849_IDENT:A+C",0.05,1026.5535175,107799,NA,"e10224ch"
"Lysine_(3TMS)_BP_RI:1849_IDENT:A+C",0.1,2053.107035,214496,NA,"e10224ch"
"Lysine_(3TMS)_BP_RI:1849_IDENT:A+C",0.2,4106.21407,483525,NA,"e10224ch"
"Lysine_(3TMS)_BP_RI:1849_IDENT:A+C",0.5,10265.535175,966930,NA,"e10224ch"
"Lysine_(3TMS)_BP_RI:1849_IDENT:A+C",1,20531.07035,1951981,NA,"e10224ch"
"Fructose_(1MEOX)(5TMS)_MP_RI:1862_IDENT:B+C",0.005,65.76783955,55711,NA,"e10224ch"
"Fructose_(1MEOX)(5TMS)_MP_RI:1862_IDENT:B+C",0.01,131.5356791,63312,NA,"e10224ch"
"Fructose_(1MEOX)(5TMS)_MP_RI:1862_IDENT:B+C",0.02,263.0713582,109736,NA,"e10224ch"
"Fructose_(1MEOX)(5TMS)_MP_RI:1862_IDENT:B+C",0.05,657.6783955,207845,NA,"e10224ch"
"Fructose_(1MEOX)(5TMS)_MP_RI:1862_IDENT:B+C",0.1,1315.356791,453633,NA,"e10224ch"
"Fructose_(1MEOX)(5TMS)_MP_RI:1862_IDENT:B+C",0.2,2630.713582,1218092,NA,"e10224ch"
"Fructose_(1MEOX)(5TMS)_MP_RI:1862_IDENT:B+C",0.5,6576.783955,2551125,NA,"e10224ch"
"Fructose_(1MEOX)(5TMS)_MP_RI:1862_IDENT:B+C",1,13153.56791,5733397,NA,"e10224ch"
"Adenine_(2TMS)_MP_RI:1866_IDENT:C+D",0.005,37.001406055,57933,NA,"e10224ch"
"Adenine_(2TMS)_MP_RI:1866_IDENT:C+D",0.01,74.00281211,46666,NA,"e10224ch"
"Adenine_(2TMS)_MP_RI:1866_IDENT:C+D",0.02,148.00562422,36773,NA,"e10224ch"
"Adenine_(2TMS)_MP_RI:1866_IDENT:C+D",0.05,370.01406055,53863,NA,"e10224ch"
"Adenine_(2TMS)_MP_RI:1866_IDENT:C+D",0.1,740.0281211,128090,NA,"e10224ch"
"Adenine_(2TMS)_MP_RI:1866_IDENT:C+D",0.2,1480.0562422,340669,NA,"e10224ch"
"Adenine_(2TMS)_MP_RI:1866_IDENT:C+D",0.5,3700.1406055,1004582,NA,"e10224ch"
"Adenine_(2TMS)_MP_RI:1866_IDENT:C+D",1,7400.281211,2607582,NA,"e10224ch"
"Fructose_(1MEOX)(5TMS)_BP_RI:1872_IDENT:B+C",0.005,65.76783955,39857,NA,"e10224ch"
"Fructose_(1MEOX)(5TMS)_BP_RI:1872_IDENT:B+C",0.01,131.5356791,50031,NA,"e10224ch"
"Fructose_(1MEOX)(5TMS)_BP_RI:1872_IDENT:B+C",0.02,263.0713582,82773,NA,"e10224ch"
"Fructose_(1MEOX)(5TMS)_BP_RI:1872_IDENT:B+C",0.05,657.6783955,152966,NA,"e10224ch"
"Fructose_(1MEOX)(5TMS)_BP_RI:1872_IDENT:B+C",0.1,1315.356791,359140,NA,"e10224ch"
"Fructose_(1MEOX)(5TMS)_BP_RI:1872_IDENT:B+C",0.2,2630.713582,878848,NA,"e10224ch"
"Fructose_(1MEOX)(5TMS)_BP_RI:1872_IDENT:B+C",0.5,6576.783955,1934120,NA,"e10224ch"
"Fructose_(1MEOX)(5TMS)_BP_RI:1872_IDENT:B+C",1,13153.56791,4357884,NA,"e10224ch"
"Glucose_(1MEOX)(5TMS)_MP_RI:1886_IDENT:B+D",0.005,164.4195988,78124,NA,"e10224ch"
"Glucose_(1MEOX)(5TMS)_MP_RI:1886_IDENT:B+D",0.01,328.8391976,81153,NA,"e10224ch"
"Glucose_(1MEOX)(5TMS)_MP_RI:1886_IDENT:B+D",0.02,657.6783952,126968,NA,"e10224ch"
"Glucose_(1MEOX)(5TMS)_MP_RI:1886_IDENT:B+D",0.05,1644.195988,237700,NA,"e10224ch"
"Glucose_(1MEOX)(5TMS)_MP_RI:1886_IDENT:B+D",0.1,3288.391976,467877,NA,"e10224ch"
"Glucose_(1MEOX)(5TMS)_MP_RI:1886_IDENT:B+D",0.2,6576.783952,1283555,NA,"e10224ch"
"Glucose_(1MEOX)(5TMS)_MP_RI:1886_IDENT:B+D",0.5,16441.95988,2637132,NA,"e10224ch"
"Glucose_(1MEOX)(5TMS)_MP_RI:1886_IDENT:B+D",1,32883.91976,64472397,NA,"e10224ch"
"Glucose_(1MEOX)(5TMS)_BP_RI:1904_IDENT:B+D",0.005,-99,-99,-99,"e10224ch"
"Glucose_(1MEOX)(5TMS)_BP_RI:1904_IDENT:B+D",0.01,-99,-99,-99,"e10224ch"
"Glucose_(1MEOX)(5TMS)_BP_RI:1904_IDENT:B+D",0.02,-99,-99,-99,"e10224ch"
"Glucose_(1MEOX)(5TMS)_BP_RI:1904_IDENT:B+D",0.05,1644.195988,110695,NA,"e10224ch"
"Glucose_(1MEOX)(5TMS)_BP_RI:1904_IDENT:B+D",0.1,3288.391976,248890,NA,"e10224ch"
"Glucose_(1MEOX)(5TMS)_BP_RI:1904_IDENT:B+D",0.2,6576.783952,583664,NA,"e10224ch"
"Glucose_(1MEOX)(5TMS)_BP_RI:1904_IDENT:B+D",0.5,16441.95988,1154731,NA,"e10224ch"
"Glucose_(1MEOX)(5TMS)_BP_RI:1904_IDENT:B+D",1,32883.91976,14238830,NA,"e10224ch"
"Glucosamine_(1MEOX)(5TMS)_MP_RI:1932_IDENT:A+B",0.005,23.187868105,7516,NA,"e10224ch"
"Glucosamine_(1MEOX)(5TMS)_MP_RI:1932_IDENT:A+B",0.01,46.37573621,36939,NA,"e10224ch"
"Glucosamine_(1MEOX)(5TMS)_MP_RI:1932_IDENT:A+B",0.02,92.75147242,38429,NA,"e10224ch"
"Glucosamine_(1MEOX)(5TMS)_MP_RI:1932_IDENT:A+B",0.05,231.87868105,35503,NA,"e10224ch"
"Glucosamine_(1MEOX)(5TMS)_MP_RI:1932_IDENT:A+B",0.1,463.7573621,84661,NA,"e10224ch"
"Glucosamine_(1MEOX)(5TMS)_MP_RI:1932_IDENT:A+B",0.2,927.5147242,285253,NA,"e10224ch"
"Glucosamine_(1MEOX)(5TMS)_MP_RI:1932_IDENT:A+B",0.5,2318.7868105,689745,NA,"e10224ch"
"Glucosamine_(1MEOX)(5TMS)_MP_RI:1932_IDENT:A+B",1,4637.573621,2307704,NA,"e10224ch"
"Tyrosine_(3TMS)_MP_RI:1933_IDENT:B+D",0.005,-99,-99,-99,"e10224ch"
"Tyrosine_(3TMS)_MP_RI:1933_IDENT:B+D",0.01,-99,-99,-99,"e10224ch"
"Tyrosine_(3TMS)_MP_RI:1933_IDENT:B+D",0.02,-99,-99,-99,"e10224ch"
"Tyrosine_(3TMS)_MP_RI:1933_IDENT:B+D",0.05,-99,-99,-99,"e10224ch"
"Tyrosine_(3TMS)_MP_RI:1933_IDENT:B+D",0.1,1103.813676,67296,NA,"e10224ch"
"Tyrosine_(3TMS)_MP_RI:1933_IDENT:B+D",0.2,2207.627352,178968,NA,"e10224ch"
"Tyrosine_(3TMS)_MP_RI:1933_IDENT:B+D",0.5,5519.06838,515173,NA,"e10224ch"
"Tyrosine_(3TMS)_MP_RI:1933_IDENT:B+D",1,11038.13676,1121517,NA,"e10224ch"
"Inositol_ myo-_(6TMS)_MP_RI:2088_IDENT:C+D",0.005,-99,-99,-99,"e10224ch"
"Inositol_ myo-_(6TMS)_MP_RI:2088_IDENT:C+D",0.01,-99,-99,-99,"e10224ch"
"Inositol_ myo-_(6TMS)_MP_RI:2088_IDENT:C+D",0.02,-99,-99,-99,"e10224ch"
"Inositol_ myo-_(6TMS)_MP_RI:2088_IDENT:C+D",0.05,-99,-99,-99,"e10224ch"
"Inositol_ myo-_(6TMS)_MP_RI:2088_IDENT:C+D",0.1,-99,-99,-99,"e10224ch"
"Inositol_ myo-_(6TMS)_MP_RI:2088_IDENT:C+D",0.2,11101.24334,32978,NA,"e10224ch"
"Inositol_ myo-_(6TMS)_MP_RI:2088_IDENT:C+D",0.5,27753.10835,41263,NA,"e10224ch"
"Inositol_ myo-_(6TMS)_MP_RI:2088_IDENT:C+D",1,55506.2167,139109,NA,"e10224ch"
"Ribose-5-phosphate_(1MEOX)(5TMS)_MP_RI:2103_IDENT:C+D",0.005,456.03794235,17155,NA,"e10224ch"
"Ribose-5-phosphate_(1MEOX)(5TMS)_MP_RI:2103_IDENT:C+D",0.01,912.0758847,12412,NA,"e10224ch"
"Ribose-5-phosphate_(1MEOX)(5TMS)_MP_RI:2103_IDENT:C+D",0.02,1824.1517694,10976,NA,"e10224ch"
"Ribose-5-phosphate_(1MEOX)(5TMS)_MP_RI:2103_IDENT:C+D",0.05,4560.3794235,10954,NA,"e10224ch"
"Ribose-5-phosphate_(1MEOX)(5TMS)_MP_RI:2103_IDENT:C+D",0.1,9120.758847,19411,NA,"e10224ch"
"Ribose-5-phosphate_(1MEOX)(5TMS)_MP_RI:2103_IDENT:C+D",0.2,18241.517694,32632,NA,"e10224ch"
"Ribose-5-phosphate_(1MEOX)(5TMS)_MP_RI:2103_IDENT:C+D",0.5,45603.794235,25876,NA,"e10224ch"
"Ribose-5-phosphate_(1MEOX)(5TMS)_MP_RI:2103_IDENT:C+D",1,91207.58847,24904,NA,"e10224ch"
"Tryptophan_(3TMS)_MP_RI:2209_IDENT:B+C",0.005,-99,-99,-99,"e10224ch"
"Tryptophan_(3TMS)_MP_RI:2209_IDENT:B+C",0.01,-99,-99,-99,"e10224ch"
"Tryptophan_(3TMS)_MP_RI:2209_IDENT:B+C",0.02,-99,-99,-99,"e10224ch"
"Tryptophan_(3TMS)_MP_RI:2209_IDENT:B+C",0.05,489.6440288,42214,NA,"e10224ch"
"Tryptophan_(3TMS)_MP_RI:2209_IDENT:B+C",0.1,979.2880576,109215,NA,"e10224ch"
"Tryptophan_(3TMS)_MP_RI:2209_IDENT:B+C",0.2,1958.5761152,253023,NA,"e10224ch"
"Tryptophan_(3TMS)_MP_RI:2209_IDENT:B+C",0.5,4896.440288,672556,NA,"e10224ch"
"Tryptophan_(3TMS)_MP_RI:2209_IDENT:B+C",1,9792.880576,1518396,NA,"e10224ch"
"Fructose-6-phosphate_(1MEOX)(6TMS)_MP_RI:2302_IDENT:A+C",0.005,65.76783955,11626,NA,"e10224ch"
"Fructose-6-phosphate_(1MEOX)(6TMS)_MP_RI:2302_IDENT:A+C",0.01,131.5356791,3820,NA,"e10224ch"
"Fructose-6-phosphate_(1MEOX)(6TMS)_MP_RI:2302_IDENT:A+C",0.02,263.0713582,12157,NA,"e10224ch"
"Fructose-6-phosphate_(1MEOX)(6TMS)_MP_RI:2302_IDENT:A+C",0.05,-99,-99,-99,"e10224ch"
"Fructose-6-phosphate_(1MEOX)(6TMS)_MP_RI:2302_IDENT:A+C",0.1,-99,-99,-99,"e10224ch"
"Fructose-6-phosphate_(1MEOX)(6TMS)_MP_RI:2302_IDENT:A+C",0.2,-99,-99,-99,"e10224ch"
"Fructose-6-phosphate_(1MEOX)(6TMS)_MP_RI:2302_IDENT:A+C",0.5,-99,-99,-99,"e10224ch"
"Fructose-6-phosphate_(1MEOX)(6TMS)_MP_RI:2302_IDENT:A+C",1,-99,-99,-99,"e10224ch"
"Glucose-1/6-phosphate_(1MEOX)(6TMS)_MP_RI:2316_IDENT:C+D/A+B",0.005,-99,-99,-99,"e10224ch"
"Glucose-1/6-phosphate_(1MEOX)(6TMS)_MP_RI:2316_IDENT:C+D/A+B",0.01,0.01,10827,NA,"e10224ch"
"Glucose-1/6-phosphate_(1MEOX)(6TMS)_MP_RI:2316_IDENT:C+D/A+B",0.02,0.02,36431,NA,"e10224ch"
"Glucose-1/6-phosphate_(1MEOX)(6TMS)_MP_RI:2316_IDENT:C+D/A+B",0.05,0.05,12750,NA,"e10224ch"
"Glucose-1/6-phosphate_(1MEOX)(6TMS)_MP_RI:2316_IDENT:C+D/A+B",0.1,0.1,38894,NA,"e10224ch"
"Glucose-1/6-phosphate_(1MEOX)(6TMS)_MP_RI:2316_IDENT:C+D/A+B",0.2,0.2,126908,NA,"e10224ch"
"Glucose-1/6-phosphate_(1MEOX)(6TMS)_MP_RI:2316_IDENT:C+D/A+B",0.5,0.5,287133,NA,"e10224ch"
"Glucose-1/6-phosphate_(1MEOX)(6TMS)_MP_RI:2316_IDENT:C+D/A+B",1,1,651076,NA,"e10224ch"
"Gluconic acid-6-phosphate_(7TMS)_MP_RI:2426_IDENT:A+D",0.005,-99,-99,-99,"e10224ch"
"Gluconic acid-6-phosphate_(7TMS)_MP_RI:2426_IDENT:A+D",0.01,-99,-99,-99,"e10224ch"
"Gluconic acid-6-phosphate_(7TMS)_MP_RI:2426_IDENT:A+D",0.02,-99,-99,-99,"e10224ch"
"Gluconic acid-6-phosphate_(7TMS)_MP_RI:2426_IDENT:A+D",0.05,-99,-99,-99,"e10224ch"
"Gluconic acid-6-phosphate_(7TMS)_MP_RI:2426_IDENT:A+D",0.1,1461.646399,62541,NA,"e10224ch"
"Gluconic acid-6-phosphate_(7TMS)_MP_RI:2426_IDENT:A+D",0.2,2923.292798,123177,NA,"e10224ch"
"Gluconic acid-6-phosphate_(7TMS)_MP_RI:2426_IDENT:A+D",0.5,7308.231995,372600,NA,"e10224ch"
"Gluconic acid-6-phosphate_(7TMS)_MP_RI:2426_IDENT:A+D",1,14616.46399,920003,NA,"e10224ch"
